index,area,time,profit,distance,shape,profit_lo,profit_up,profit_be,time_be
1.0,0.0,0.0,0.0,0.0,Polygon(74 Points),0.0,0.0,0.0,0.0
2.0,0.0,0.0,0.0,0.0,Polygon(117 Points),0.0,0.0,0.0,0.0
3.0,0.0,0.0,0.0,0.0,Polygon(129 Points),0.0,0.0,0.0,0.0
4.0,0.0,0.0,0.0,0.0,Polygon(110 Points),0.0,0.0,0.0,0.0
5.0,0.0,0.0,0.0,0.0,Polygon(137 Points),0.0,0.0,0.0,0.0
6.0,0.0,0.0,0.0,0.0,Polygon(152 Points),0.0,0.0,0.0,0.0
7.0,0.0,0.0,0.0,0.0,Polygon(36 Points),0.0,0.0,0.0,0.0
8.0,0.0,0.0,0.0,0.0,Polygon(239 Points),0.0,0.0,0.0,0.0
9.0,0.0,0.0,0.0,0.0,Polygon(149 Points),0.0,0.0,0.0,0.0
10.0,0.0,0.0,0.0,0.0,Polygon(187 Points),0.0,0.0,0.0,0.0
11.0,0.0,0.0,0.0,0.0,Polygon(250 Points),0.0,0.0,0.0,0.0
12.0,0.0,0.0,0.0,0.0,Polygon(162 Points),0.0,0.0,0.0,0.0
13.0,0.0,0.0,0.0,0.0,Polygon(190 Points),0.0,0.0,0.0,0.0
14.0,0.0,0.0,0.0,0.0,Polygon(44 Points),0.0,0.0,0.0,0.0
15.0,0.0,0.0,0.0,0.0,Polygon(61 Points),0.0,0.0,0.0,0.0
16.0,0.0,0.0,0.0,0.0,Polygon(206 Points),0.0,0.0,0.0,0.0
17.0,0.0,0.0,0.0,0.0,Polygon(215 Points),0.0,0.0,0.0,0.0
18.0,0.0,0.0,0.0,0.0,Polygon(34 Points),0.0,0.0,0.0,0.0
19.0,0.0,0.0,0.0,0.0,Polygon(90 Points),0.0,0.0,0.0,0.0
20.0,0.0,0.0,0.0,0.0,Polygon(172 Points),0.0,0.0,0.0,0.0
21.0,0.0,0.0,0.0,0.0,Polygon(253 Points),0.0,0.0,0.0,0.0
22.0,0.0,0.0,0.0,0.0,Polygon(54 Points),0.0,0.0,0.0,0.0
23.0,0.0,0.0,0.0,0.0,Polygon(118 Points),0.0,0.0,0.0,0.0
24.0,0.0,0.0,0.0,0.0,Polygon(191 Points),0.0,0.0,0.0,0.0
25.0,0.0,0.0,0.0,0.0,Polygon(115 Points),0.0,0.0,0.0,0.0
26.0,0.0,0.0,0.0,0.0,Polygon(60 Points),0.0,0.0,0.0,0.0
27.0,0.0,0.0,0.0,0.0,Polygon(290 Points),0.0,0.0,0.0,0.0
28.0,0.0,0.0,0.0,0.0,Polygon(102 Points),0.0,0.0,0.0,0.0
29.0,0.0,0.0,0.0,0.0,Polygon(234 Points),0.0,0.0,0.0,0.0
30.0,0.0,0.0,0.0,0.0,Polygon(127 Points),0.0,0.0,0.0,0.0
31.0,0.0,0.0,0.0,0.0,Polygon(110 Points),0.0,0.0,0.0,0.0
32.0,0.0,0.0,0.0,0.0,Polygon(118 Points),0.0,0.0,0.0,0.0
33.0,0.0,0.0,0.0,0.0,Polygon(248 Points),0.0,0.0,0.0,0.0
34.0,0.0,0.0,0.0,0.0,Polygon(185 Points),0.0,0.0,0.0,0.0
35.0,0.0,0.0,0.0,0.0,Polygon(307 Points),0.0,0.0,0.0,0.0
36.0,0.0,0.0,0.0,0.0,Polygon(158 Points),0.0,0.0,0.0,0.0
37.0,0.0,0.0,0.0,0.0,Polygon(96 Points),0.0,0.0,0.0,0.0
38.0,0.0,0.0,0.0,0.0,Polygon(121 Points),0.0,0.0,0.0,0.0
39.0,0.0,0.0,0.0,0.0,Polygon(78 Points),0.0,0.0,0.0,0.0
40.0,0.0,0.0,0.0,0.0,Polygon(230 Points),0.0,0.0,0.0,0.0
41.0,0.0,0.0,0.0,0.0,Polygon(180 Points),0.0,0.0,0.0,0.0
42.0,0.0,0.0,0.0,0.0,Polygon(182 Points),0.0,0.0,0.0,0.0
43.0,0.0,0.0,0.0,0.0,Polygon(244 Points),0.0,0.0,0.0,0.0
44.0,0.0,0.0,0.0,0.0,Polygon(182 Points),0.0,0.0,0.0,0.0
45.0,46.0,8000.0,17631.392897166792,67.8,Polygon(42 Points),17540.660461013314,17631.346881050296,17631.346881050296,80.50098141023022
46.0,46.0,8000.0,893646.4018174303,0.0,Polygon(65 Points),889047.6321360106,893644.0694925156,893644.0694925156,4487.00765893766
47.0,46.0,8000.0,12458.914124718642,54.1,Polygon(31 Points),12394.799642274977,12458.881608238114,12458.881608238114,57.946202636747294
48.0,46.0,8000.0,10584.21314900208,86.2,Polygon(132 Points),10529.7460147616,10584.185525297697,10584.185525297697,47.16463111731752
49.0,46.0,8000.0,15029.20164056376,113.2,Polygon(177 Points),14951.860270755744,15029.162415897987,15029.162415897987,64.69239329922642
50.0,46.0,8000.0,21512.940295575114,47.6,Polygon(176 Points),21402.23313288942,21512.88414902035,21512.88414902035,100.95017915740024
51.0,46.0,8000.0,15941.290123636756,24.8,Polygon(103 Points),15859.255079849636,15941.248518514134,15941.248518514134,77.22494059246493
52.0,46.0,8000.0,18940.32231822057,28.4,Polygon(78 Points),18842.85403562445,18940.272885933322,18940.272885933322,91.28697696414211
53.0,106.0,3199.99,8601.664105225005,63.3,Polygon(161 Points),8579.261056684569,8276.988377353506,8579.261056684569,45.10051788914285
54.0,46.0,8000.0,11023.128971341568,37.6,Polygon(120 Points),10966.403144208278,11023.100202112168,11023.100202112168,52.447219770094634
55.0,46.0,8000.0,19442.12159371019,35.7,Polygon(128 Points),19342.071015376532,19442.070851778597,19442.070851778597,92.74972918402555
56.0,46.0,8000.0,31025.799031589326,26.2,Polygon(109 Points),30866.138002754975,31025.718057454673,31025.718057454673,150.00138682151376
57.0,46.0,8000.0,15692.945099102952,73.4,Polygon(150 Points),15612.188056958355,15692.904142135229,15692.904142135229,71.11788819246144
58.0,46.0,8000.0,18117.96794891914,46.9,Polygon(121 Points),18024.73156199589,18117.920662891956,18117.920662891956,85.10103277813027
59.0,46.0,8000.0,18229.564784662114,49.7,Polygon(146 Points),18135.754112267878,18229.5172073787,18229.5172073787,85.2966484054008
60.0,46.0,8000.0,11201.300870724432,62.7,Polygon(162 Points),11143.658157978109,11201.271636484755,11201.271636484755,51.493812966274135
61.0,46.0,8000.0,81065.64803260699,10.6,Polygon(151 Points),80648.47828446186,81065.43645962887,81065.43645962887,400.78392786303664
62.0,46.0,8000.0,6890.513973056524,62.5,Polygon(123 Points),6855.054884669611,6890.495989525922,6890.495989525922,31.685106575021692
63.0,46.0,8000.0,10150.570618500164,49.2,Polygon(191 Points),10098.335040407383,10150.544126558045,10150.544126558045,47.527372940796134
64.0,46.0,8000.0,47907.53299822543,55.2,Polygon(307 Points),47660.997332870786,47907.40796450677,47907.40796450677,222.4837630599143
65.0,46.0,8000.0,40947.09075331088,25.7,Polygon(119 Points),40736.37403233969,40946.98388562837,40946.98388562837,198.1084253744512
66.0,46.0,8000.0,26561.212225793694,82.2,Polygon(288 Points),26424.52628688394,26561.142903770007,26561.142903770007,118.9813685421568
67.0,46.0,8000.0,24438.92457020325,55.3,Polygon(186 Points),24313.16007864218,24438.860787131394,24438.860787131394,113.47953236795585
68.0,46.0,8000.0,11017.989778803625,62.9,Polygon(47 Points),10961.29039833065,11017.961022986987,11017.961022986987,50.637472377482304
69.0,46.0,8000.0,7901.295697787697,146.7,Polygon(46 Points),7860.635052788713,7901.275076221073,7901.275076221073,32.632503252998696
70.0,46.0,8000.0,6532.093101784079,110.9,Polygon(46 Points),6498.478473390117,6532.076053694975,6532.076053694975,28.198811410327366
71.0,46.0,8000.0,10144.987723824488,128.0,Polygon(167 Points),10092.78087571564,10144.961246453147,10144.961246453147,42.8686865646551
72.0,46.0,8000.0,4419.084545374599,163.5,Polygon(153 Points),4396.3436134069125,4419.073012019837,4419.073012019837,17.887400709643703
73.0,46.0,8000.0,10376.257671799322,78.2,Polygon(160 Points),10322.860691639584,10376.230590837278,10376.230590837278,46.725825243076436
74.0,46.0,8000.0,9860.31106346775,65.9,Polygon(209 Points),9809.569182254083,9860.285329073124,9860.285329073124,45.13464398769068
75.0,46.0,8000.0,21799.69200522715,142.2,Polygon(279 Points),21687.509197290994,21799.63511028001,21799.63511028001,90.52590970856839
76.0,46.0,8000.0,4669.331922239756,149.9,Polygon(136 Points),4645.303198985446,4669.319735765156,4669.319735765156,19.210072105805935
77.0,46.0,8000.0,11088.60053321349,102.6,Polygon(203 Points),11031.537784638876,11088.57159311007,11088.57159311007,48.37677434630321
78.0,46.0,8000.0,5270.505105490134,112.8,Polygon(229 Points),5243.382701107817,5270.491350015548,5270.491350015548,22.698053189021042
79.0,46.0,8000.0,6216.3772967544155,95.4,Polygon(156 Points),6184.387364962111,6216.361072650992,6216.361072650992,27.37231829427813
80.0,106.0,3199.99,6096.9035482299205,55.9,Polygon(15 Points),6081.024152747088,5866.771730355117,6081.024152747088,32.28893376006732
81.0,106.0,3199.99,33128.181474188226,88.7,Polygon(46 Points),33041.899070162275,31877.735478900227,33041.899070162275,167.95923883764647
82.0,106.0,3199.99,6649.501994769775,82.5,Polygon(33 Points),6632.183355709217,6398.511968453422,6632.183355709217,33.98697053237472
83.0,106.0,3199.99,7992.577080381835,52.8,Polygon(216 Points),7971.760400015742,7690.891761192759,7971.760400015742,42.50740129091134
84.0,106.0,3199.99,9679.997794694344,119.2,Polygon(149 Points),9654.786224257165,9314.619620036514,9654.786224257165,47.20445257170393
85.0,106.0,3199.99,12404.6273077822,42.8,Polygon(150 Points),12372.319435223746,11936.40611815421,12372.319435223746,66.88500425873616
86.0,106.0,3199.99,7347.000632172238,78.9,Polygon(201 Points),7327.865356744642,7069.683040047955,7327.865356744642,37.73016519936728
87.0,106.0,3199.99,18219.81500341636,88.5,Polygon(224 Points),18172.361464784073,17532.0955545338,18172.361464784073,92.39814950705328
88.0,106.0,3199.99,13297.640672171532,85.4,Polygon(195 Points),13263.006944812783,12795.712078890569,13263.006944812783,67.70945494265509
89.0,106.0,3199.99,4466.275177120077,96.2,Polygon(139 Points),4454.642755955529,4297.692548658101,4454.642755955529,22.425132684851615
90.0,106.0,3199.99,15629.431019383794,51.9,Polygon(24 Points),15588.72414016795,15039.4873956432,15588.72414016795,83.22515319634117
91.0,106.0,3199.99,12557.934956347577,66.8,Polygon(43 Points),12525.22779376217,12083.927064079571,12525.22779376217,65.53557321324705
92.0,106.0,3199.99,5266.979112126084,92.9,Polygon(28 Points),5253.26125622437,5068.173362913585,5253.26125622437,26.55837330629958
93.0,357.0,3200.0,5502.063386804853,93.4,Polygon(25 Points),5442.523001524594,5484.3300665952065,5484.3300665952065,20.963658156753255
94.0,106.0,3199.99,11601.601653037,53.1,Polygon(208 Points),11571.385262138654,11163.691219067965,11571.385262138654,61.67624323430297
95.0,106.0,3199.99,6377.51024684235,60.7,Polygon(226 Points),6360.900010743926,6136.786736127289,6360.900010743926,33.556140395318984
96.0,106.0,3199.99,4657.291958502791,93.4,Polygon(191 Points),4645.162033811831,4481.499270246288,4645.162033811831,23.468886176690404
97.0,106.0,3199.99,11735.927995640497,32.8,Polygon(103 Points),11705.3617515583,11292.947321480307,11705.3617515583,64.16717617897615
98.0,357.0,3200.0,7286.064635919901,97.4,Polygon(219 Points),7207.218743915109,7262.5814245910715,7262.5814245910715,27.618121187255593
99.0,357.0,3200.0,4576.370803163234,98.2,Polygon(149 Points),4526.847767594592,4561.621018737779,4561.621018737779,17.329084815305837
100.0,106.0,3199.99,6572.4506714518775,80.0,Polygon(142 Points),6555.3327126917,6324.369000330016,6555.3327126917,33.70364915995205
101.0,106.0,3199.99,4737.76934794438,75.2,Polygon(113 Points),4725.429819758095,4558.938985271101,4725.429819758095,24.44978896422948
102.0,106.0,3199.99,6682.483177428826,100.7,Polygon(100 Points),6665.078638822903,6430.248253688567,6665.078638822903,33.35929601666737
103.0,106.0,3199.99,5185.118205570064,40.8,Polygon(34 Points),5171.613556536314,4989.402352579409,5171.613556536314,28.035419948097967
104.0,106.0,3199.99,25149.010626958938,18.2,Polygon(33 Points),25083.50998674242,24199.743923368875,25083.50998674242,140.37967811825763
105.0,106.0,3199.99,17186.8076946231,10.5,Polygon(26 Points),17142.044625253315,16538.079817112794,17142.044625253315,97.00513335958546
106.0,106.0,3199.99,150057.1361420696,0.0,Polygon(77 Points),149666.31208015495,144393.12632917252,149666.31208015495,860.0246977664939
107.0,106.0,3199.99,3484.3242421085906,10.9,Polygon(37 Points),3475.249313795689,3352.8060270739284,3475.249313795689,19.654706012415467
108.0,106.0,3199.99,15975.662892812106,48.9,Polygon(231 Points),15934.054252103168,15372.650508870876,15934.054252103168,85.4189286173308
109.0,106.0,3199.99,15433.203325401944,26.1,Polygon(156 Points),15393.007521543088,14850.666450936,15393.007521543088,85.18302306513894
110.0,106.0,3199.99,10894.062411070061,16.8,Polygon(68 Points),10865.688807310124,10482.858532434162,10865.688807310124,60.931925067543446
111.0,106.0,3199.99,22708.49095459762,22.1,Polygon(156 Points),22649.346651947293,21851.343344628902,22649.346651947293,126.05279631278147
112.0,106.0,3199.99,8207.69934495254,47.1,Polygon(158 Points),8186.322378288778,7897.894087926268,8186.322378288778,43.99369880753635
113.0,106.0,3199.99,12468.456138443216,26.0,Polygon(151 Points),12435.98202358861,11997.82568570049,12435.98202358861,68.82895298114977
114.0,106.0,3199.99,8007.699150581775,46.6,Polygon(104 Points),7986.843084758568,7705.44303845205,7986.843084758568,42.95122326075619
115.0,164.0,4800.0,12046.82004358482,39.9,Polygon(36 Points),11991.223349711381,12022.653214471438,12022.653214471438,50.95531894861273
116.0,106.0,3199.99,6369.395087341838,92.1,Polygon(35 Points),6352.805987189899,6128.977888903729,6352.805987189899,32.150506446576216
117.0,106.0,3199.99,33181.982443190056,91.3,Polygon(38 Points),33095.559914450394,31929.505693322808,33095.559914450394,167.66491001515217
118.0,164.0,4800.0,14212.643674846728,44.1,Polygon(163 Points),14147.051593561886,14184.132040266253,14184.132040266253,59.76756954328731
119.0,164.0,4800.0,13340.86887824182,95.0,Polygon(170 Points),13279.300082464526,13314.106089618923,13314.106089618923,52.41694291601576
120.0,164.0,4800.0,6989.512896360591,118.2,Polygon(148 Points),6957.255934986762,6975.491406611346,6975.491406611346,26.663948518639064
121.0,106.0,3199.99,6415.04023380587,77.9,Polygon(145 Points),6398.332250793666,6172.900127919768,6398.332250793666,32.98759544578712
122.0,106.0,3199.99,6986.4503200438285,69.4,Polygon(103 Points),6968.25409850686,6722.741947437136,6968.25409850686,36.3334023993376
123.0,164.0,4800.0,11251.093186470254,58.5,Polygon(175 Points),11199.16881295371,11228.522645415234,11228.522645415234,46.39097467188593
124.0,164.0,4800.0,12144.751814899708,74.1,Polygon(213 Points),12088.703160866615,12120.38852727084,12120.38852727084,49.03983253279985
125.0,106.0,3199.99,6139.000457039201,87.7,Polygon(165 Points),6123.011420087007,5907.279662387162,6123.011420087007,31.16515616678754
126.0,106.0,3199.99,14359.11838297018,90.0,Polygon(210 Points),14321.72003513931,13817.123583411343,14321.72003513931,72.67754240888222
127.0,46.0,8000.0,60878.17009199754,53.7,Polygon(67 Points),60564.88658040949,60878.01120625419,60878.01120625419,283.29772248859956
128.0,46.0,8000.0,5820.291770758609,75.7,Polygon(22 Points),5790.34012402457,5820.276580397545,5820.276580397545,26.296342438039915
129.0,46.0,8000.0,9263.965687674463,103.5,Polygon(33 Points),9216.292643338867,9263.94150967975,9263.94150967975,40.36992564461401
130.0,0.0,0.0,0.0,0.0,Polygon(47 Points),0.0,0.0,0.0,0.0
131.0,46.0,8000.0,13233.15707839575,47.9,Polygon(135 Points),13165.058285139465,13233.122541220993,13233.122541220993,62.071431424961354
132.0,46.0,8000.0,31373.173044834537,64.5,Polygon(210 Points),31211.724403945816,31373.091164089543,31373.091164089543,143.877789010298
133.0,0.0,0.0,0.0,0.0,Polygon(127 Points),0.0,0.0,0.0,0.0
134.0,0.0,0.0,0.0,0.0,Polygon(136 Points),0.0,0.0,0.0,0.0
135.0,0.0,0.0,0.0,0.0,Polygon(106 Points),0.0,0.0,0.0,0.0
136.0,0.0,0.0,0.0,0.0,Polygon(119 Points),0.0,0.0,0.0,0.0
137.0,46.0,8000.0,17989.60196693753,80.1,Polygon(238 Points),17897.026160737103,17989.555015932317,17989.555015932317,80.8073443428522
138.0,46.0,8000.0,16985.561014012084,87.1,Polygon(195 Points),16898.152075919472,16985.516683450172,16985.516683450172,75.601067079406
139.0,106.0,3199.99,12132.197772179981,74.6,Polygon(148 Points),12100.599442802388,11674.259622750176,12100.599442802388,62.65934674100233
140.0,46.0,8000.0,20374.162848597734,116.1,Polygon(199 Points),20269.315917863292,20374.109674134626,20374.109674134626,87.38002440543823
141.0,141.0,12800.0,2.1981631140437457e6,0.0,Polygon(181 Points),2.198108566043122e6,2.1936024948501014e6,2.198108566043122e6,11226.248641559072
142.0,141.0,12800.0,6529.8963237757525,60.7,Polygon(120 Points),6529.734282666763,6516.34847997997,6529.734282666763,30.615939773421026
143.0,337.0,3200.0,13898.852176985394,88.4,Polygon(78 Points),13750.947144314701,13562.331924496864,13750.947144314701,79.79143464738658
144.0,141.0,12800.0,6100.228497161526,76.6,Polygon(38 Points),6100.077118373598,6087.572102832994,6100.077118373598,28.00034738088113
145.0,141.0,12800.0,27537.61951066422,26.8,Polygon(76 Points),27536.93615733314,27480.486081718373,27536.93615733314,135.30489472155608
146.0,141.0,12800.0,18163.473817167152,41.1,Polygon(202 Points),18163.02308574746,18125.789312871453,18163.02308574746,87.47562824098752
147.0,141.0,12800.0,14689.47775487108,58.4,Polygon(257 Points),14689.113231584968,14659.000892728562,14689.113231584968,69.08731608036089
148.0,337.0,3200.0,11650.366399960772,64.7,Polygon(159 Points),11526.388692948025,11368.286686285523,11526.388692948025,69.01173152543103
149.0,141.0,12800.0,13592.663701244674,54.3,Polygon(268 Points),13592.32639569018,13564.46244421666,13592.32639569018,64.28574739447879
150.0,141.0,12800.0,21115.286813011615,51.8,Polygon(287 Points),21114.76283156961,21071.478061193568,21114.76283156961,100.20473257414314
151.0,141.0,12800.0,23002.012047677617,47.0,Polygon(220 Points),23001.441246648556,22954.288829611192,23001.441246648556,109.8790938678357
152.0,337.0,3200.0,11214.867387469525,62.1,Polygon(160 Points),11095.524055644772,10943.332014850346,11095.524055644772,66.66477304623339
153.0,141.0,12800.0,21527.733203022653,62.7,Polygon(262 Points),21527.1989866141,21483.06873175839,21527.1989866141,100.66269007688408
154.0,141.0,12800.0,9549.769322871789,75.1,Polygon(278 Points),9549.532342813458,9529.956024672707,9549.532342813458,43.92098431293551
155.0,141.0,12800.0,24958.533770306873,56.4,Polygon(336 Points),24957.914417672408,24906.751276355055,24957.914417672408,117.70338212304671
156.0,141.0,12800.0,6877.626447027757,118.5,Polygon(286 Points),6877.455776903542,6863.357153279429,6877.455776903542,29.91212843209612
157.0,337.0,3200.0,9721.949574274293,89.2,Polygon(306 Points),9618.49317002626,9486.560861324824,9618.49317002626,55.75435327502845
158.0,141.0,12800.0,16039.11729649424,48.5,Polygon(189 Points),16038.719281544983,16005.840281824961,16038.719281544983,76.4600470503146
159.0,141.0,12800.0,12246.464025243833,84.2,Polygon(301 Points),12246.160125991308,12221.055783912252,12246.160125991308,55.65283996523139
160.0,160.0,1600.0,163503.06006426085,0.0,Polygon(110 Points),159359.30768907844,161375.00282571325,161375.00282571325,601.6065217498591
161.0,160.0,1600.0,10903.799123075407,47.5,Polygon(49 Points),10627.45785156038,10761.881848607212,10761.881848607212,37.50078920171006
162.0,162.0,6400.0,771373.8829059926,0.0,Polygon(184 Points),767332.8981050923,771159.3892663103,771159.3892663103,3723.8648418942494
163.0,164.0,4800.0,33733.74680885128,26.4,Polygon(41 Points),33578.06383294973,33666.07436985625,33666.07436985625,145.4129769099777
164.0,164.0,4800.0,219038.40416723,0.0,Polygon(73 Points),218027.53067041066,218598.99661705276,218598.99661705276,980.8455566938427
165.0,164.0,4800.0,13646.272046762087,10.4,Polygon(13 Points),13583.29379966015,13618.896596361428,13618.896596361428,60.18697515023093
166.0,164.0,4800.0,74331.14490453112,27.7,Polygon(55 Points),73988.10284915319,74182.03102466813,74182.03102466813,319.8238902633652
167.0,0.0,0.0,0.0,0.0,Polygon(161 Points),0.0,0.0,0.0,0.0
168.0,164.0,4800.0,45282.483111836584,31.2,Polygon(148 Points),45073.50212413282,45191.64303725805,45191.64303725805,193.87765621797305
169.0,164.0,4800.0,30031.108225342923,26.9,Polygon(157 Points),29892.513116870832,29970.863558456433,29970.863558456433,129.36078801840446
170.0,164.0,4800.0,55622.45432902205,20.5,Polygon(83 Points),55365.753842534206,55510.87149274053,55510.87149274053,241.78607403926995
171.0,164.0,4800.0,63738.52661295865,47.8,Polygon(204 Points),63444.37003560264,63610.662323874785,63610.662323874785,266.67312109316424
172.0,164.0,4800.0,37302.928900068,15.1,Polygon(63 Points),37130.77396531042,37228.09641274811,37228.09641274811,163.41236636204678
173.0,0.0,0.0,0.0,0.0,Polygon(118 Points),0.0,0.0,0.0,0.0
174.0,164.0,4800.0,56691.232014090885,16.2,Polygon(99 Points),56429.599063636546,56577.50512920716,56577.50512920716,247.95401858447772
175.0,164.0,4800.0,24640.000663590574,40.3,Polygon(135 Points),24526.285793693067,24590.57096486209,24590.57096486209,104.16374254468487
176.0,164.0,4800.0,51731.896443842496,32.1,Polygon(137 Points),51493.151082022945,51628.118359954264,51628.118359954264,221.2109846168411
177.0,164.0,4800.0,58883.836715597834,51.5,Polygon(130 Points),58612.08478171601,58765.71130040131,58765.71130040131,245.11565203557979
178.0,164.0,4800.0,39183.01632630876,62.1,Polygon(135 Points),39002.18469141671,39104.412241888225,39104.412241888225,160.77729166723773
179.0,164.0,4800.0,24852.34384883214,46.8,Polygon(93 Points),24737.649004217383,24802.488173667345,24802.488173667345,104.12181026280011
180.0,164.0,4800.0,42885.98979495534,80.2,Polygon(132 Points),42688.06874712171,42799.95726662145,42799.95726662145,171.78168076183334
181.0,164.0,4800.0,10708.18645418152,72.9,Polygon(174 Points),10658.76762314736,10686.705024956529,10686.705024956529,43.30797750796662
182.0,277.0,3200.0,45697.886649760025,103.1,Polygon(32 Points),45202.59484087935,45550.95468407459,45550.95468407459,171.99118908091242
183.0,164.0,4800.0,28847.964416666888,93.4,Polygon(177 Points),28714.829577701697,28790.093225447607,28790.093225447607,113.57958591112958
184.0,164.0,4800.0,11000.477219383101,117.8,Polygon(140 Points),10949.70945143977,10978.409432849834,10978.409432849834,41.986219227366284
185.0,277.0,3200.0,28324.784663796738,93.6,Polygon(265 Points),28017.7894204541,28233.712262130433,28233.712262130433,107.91391851789639
186.0,164.0,4800.0,21660.36083292873,113.3,Polygon(128 Points),21560.397154044207,21616.908516309933,21616.908516309933,83.14143343714655
187.0,277.0,3200.0,20632.154166443797,90.4,Polygon(208 Points),20408.53470157613,20565.81580398877,20565.81580398877,78.93245434195255
188.0,277.0,3200.0,9739.812759137114,136.8,Polygon(177 Points),9634.248807862848,9708.496434925528,9708.496434925528,35.1448897933529
189.0,162.0,6400.0,30766.0107670781,155.3,Polygon(50 Points),30604.837327518882,30757.455754036855,30757.455754036855,120.91121863474567
190.0,162.0,6400.0,14205.282863769957,93.5,Polygon(29 Points),14130.86586130582,14201.332843045002,14201.332843045002,60.28752570219554
191.0,141.0,12800.0,41243.83388252907,119.1,Polygon(397 Points),41242.81040585348,41158.26360832038,41242.81040585348,179.24273081418724
192.0,162.0,6400.0,22010.574294973754,151.4,Polygon(291 Points),21895.26782925573,22004.4538800924,22004.4538800924,86.90789802380876
193.0,141.0,12800.0,20539.54823133586,200.3,Polygon(1221 Points),20539.038536999447,20496.93398797323,20539.038536999447,81.02962681459388
194.0,162.0,6400.0,14666.783960918954,87.6,Polygon(365 Points),14589.94929957304,14662.705611957543,14662.705611957543,62.7245885142269
195.0,141.0,12800.0,29526.73942144338,145.5,Polygon(815 Points),29526.006707574197,29465.47908381382,29526.006707574197,124.21729490259354
196.0,162.0,6400.0,25853.830159752142,101.6,Polygon(365 Points),25718.39008712869,25846.641062151633,25846.641062151633,108.58709952730987
197.0,213.0,3200.0,41915.55555973337,57.0,Polygon(59 Points),41465.64625072086,41778.768383963834,41778.768383963834,167.4283531702915
198.0,213.0,3200.0,9249.601267508664,55.3,Polygon(73 Points),9150.318753908778,9219.416129378411,9219.416129378411,37.0322169596212
199.0,213.0,3200.0,11426.37632920769,72.3,Polygon(66 Points),11303.72894901337,11389.08750584652,11389.08750584652,44.71350640320386
200.0,213.0,3200.0,13415.998078794499,62.6,Polygon(191 Points),13271.994680897464,13372.216326105747,13372.216326105747,53.18501782295162
201.0,213.0,3200.0,15350.428607177228,76.5,Polygon(174 Points),15185.661597997094,15300.334036128646,15300.334036128646,59.735546379312105
202.0,213.0,3200.0,5818.124252031094,81.8,Polygon(187 Points),5755.674208675475,5799.137392043576,5799.137392043576,22.483467458971774
203.0,213.0,3200.0,17894.20623177663,75.9,Polygon(123 Points),17702.135057875737,17835.810299755776,17835.810299755776,69.68982269092126
204.0,213.0,3200.0,12072.45379313253,38.8,Polygon(93 Points),11942.871606480767,12033.056561319208,12033.056561319208,49.44344809015182
205.0,213.0,3200.0,11275.341243370925,67.3,Polygon(141 Points),11154.315029595567,11238.545307735036,11238.545307735036,44.41769103095546
206.0,213.0,3200.0,72780.43198604888,98.7,Polygon(253 Points),71999.22812444642,72542.92040807463,72542.92040807463,275.1475948757171
207.0,160.0,1600.0,26448.94230529134,44.3,Polygon(208 Points),25778.631502205833,26104.698820780526,26104.698820780526,91.36616309840242
208.0,213.0,3200.0,22449.762116532464,42.8,Polygon(153 Points),22208.79293870658,22376.499588680665,22376.499588680665,91.43550464784379
209.0,213.0,3200.0,43000.709106907,39.9,Polygon(157 Points),42539.152077231796,42860.380642300595,42860.380642300595,175.84284854770831
210.0,213.0,3200.0,5158.566749990115,61.1,Polygon(160 Points),5103.196203876857,5141.732289195618,5141.732289195618,20.491488556535263
211.0,213.0,3200.0,11757.945363280418,46.3,Polygon(193 Points),11631.739018090468,11719.574497915086,11719.574497915086,47.65809297841132
212.0,213.0,3200.0,21076.405320178674,37.9,Polygon(152 Points),20850.17735236477,21007.624603315388,21007.624603315388,86.42787898347113
213.0,213.0,3200.0,397366.49404360773,0.0,Polygon(267 Points),393101.2783647864,396069.7286843079,396069.7286843079,1720.2976595431248
214.0,213.0,3200.0,23653.209791264373,41.5,Polygon(141 Points),23399.323158223087,23576.019933656004,23576.019933656004,96.51059984984954
215.0,160.0,1600.0,22092.99473824034,54.8,Polygon(250 Points),21533.07922726767,21805.445640655085,21805.445640655085,75.22825787857137
216.0,162.0,6400.0,34278.93656111232,26.1,Polygon(156 Points),34099.3600098391,34269.40471925149,34269.40471925149,159.36722879841335
217.0,162.0,6400.0,4353.335576281078,94.5,Polygon(174 Points),4330.529822434839,4352.125057214763,4352.125057214763,18.451794787371778
218.0,162.0,6400.0,28714.168305529696,51.2,Polygon(183 Points),28563.743822325763,28706.183842214574,28706.183842214574,128.91336681137292
219.0,160.0,1600.0,11905.364816486926,14.4,Polygon(119 Points),11603.640287806287,11750.411766890686,11750.411766890686,42.89716180549407
220.0,160.0,1600.0,16412.66439412273,38.3,Polygon(219 Points),15996.708772010896,16199.047051095404,16199.047051095404,57.170078145135584
221.0,213.0,3200.0,13485.462482611885,56.5,Polygon(223 Points),13340.713474129347,13441.454039867665,13441.454039867665,53.90317671730501
222.0,162.0,6400.0,23779.986511975796,40.0,Polygon(179 Points),23655.410652992206,23773.37408190578,23773.37408190578,108.42189648567232
223.0,162.0,6400.0,11696.584049247656,72.2,Polygon(111 Points),11635.309329668871,11693.3316149351,11693.3316149351,51.04622246938321
224.0,160.0,1600.0,16149.943578959334,31.7,Polygon(121 Points),15740.646242028311,15939.745651643283,15939.745651643283,56.77662941324807
225.0,160.0,1600.0,7038.278257295222,12.6,Polygon(29 Points),6859.903111078392,6946.672271532863,6946.672271532863,25.4260858207169
226.0,160.0,1600.0,3510.0193439699588,109.9,Polygon(51 Points),3421.062898825781,3464.335048706974,3464.335048706974,11.118161013527448
227.0,160.0,1600.0,34481.02891327409,37.0,Polygon(34 Points),33607.156305617944,34032.24463276813,34032.24463276813,120.32520884874262
228.0,277.0,3200.0,31811.05445187188,43.7,Polygon(62 Points),31466.273634705758,31708.772681229773,31708.772681229773,129.5527986875642
229.0,160.0,1600.0,7290.429052562124,67.2,Polygon(61 Points),7105.663503276501,7195.541224093807,7195.541224093807,24.412473668402946
230.0,160.0,1600.0,13270.117539520055,52.0,Polygon(95 Points),12933.805295261604,13097.401691417555,13097.401691417555,45.358559286381706
231.0,160.0,1600.0,19535.06521560283,102.7,Polygon(309 Points),19039.97678817717,19280.808586269875,19280.808586269875,62.44750547127703
232.0,160.0,1600.0,10924.505793706641,63.1,Polygon(146 Points),10647.63974109225,10782.319013699496,10782.319013699496,36.7832501941386
233.0,160.0,1600.0,34132.46778275928,101.8,Polygon(177 Points),33267.428960916695,33688.22016374809,33688.22016374809,109.23645205106443
234.0,160.0,1600.0,10511.666855131,67.9,Polygon(200 Points),10245.263617901332,10374.85333780924,10374.85333780924,35.16605235260297
235.0,277.0,3200.0,10799.68505220033,109.3,Polygon(152 Points),10682.633784909962,10764.960931024547,10764.960931024547,40.32703522537095
236.0,160.0,1600.0,15801.197425315462,87.7,Polygon(152 Points),15400.738563345883,15595.538567643644,15595.538567643644,51.49843387483541
237.0,160.0,1600.0,12514.630556185379,30.2,Polygon(108 Points),12197.465054381668,12351.747671104378,12351.747671104378,44.08927206944959
238.0,277.0,3200.0,52835.508798741634,54.3,Polygon(296 Points),52262.85661185552,52665.62730673111,52665.62730673111,212.07021305320876
239.0,160.0,1600.0,10824.74366524442,63.6,Polygon(146 Points),10550.405941803841,10683.855328945441,10683.855328945441,36.422839736094055
240.0,160.0,1600.0,6851.903056681294,36.2,Polygon(153 Points),6678.251324692401,6762.722818147128,6762.722818147128,23.937150824995967
241.0,160.0,1600.0,3444.2440593069928,87.1,Polygon(229 Points),3356.954595147412,3399.4158554871256,3399.4158554871256,11.2340796417147
242.0,244.0,6400.0,177060.90477264323,26.4,Polygon(134 Points),176085.12403309022,177021.12053445828,177021.12053445828,826.4832796797472
243.0,244.0,6400.0,65305.90841872709,19.8,Polygon(102 Points),64946.0082606666,65291.23467796681,65291.23467796681,307.70929852622675
244.0,244.0,6400.0,123834.04779003878,0.0,Polygon(62 Points),123151.59968615297,123806.22322165646,123806.22322165646,600.4726617857361
245.0,244.0,6400.0,37321.88322751579,32.2,Polygon(71 Points),37116.20273094307,37313.4972843075,37313.4972843075,172.79201285619254
246.0,258.0,6400.0,35524.26867225514,46.5,Polygon(57 Points),35270.94834421892,35523.10423392526,35523.10423392526,165.18176134408176
247.0,244.0,6400.0,23650.63104853308,9.9,Polygon(33 Points),23520.29267550226,23645.316931675574,23645.316931675574,113.03649212853666
248.0,244.0,6400.0,19932.502246109623,15.0,Polygon(38 Points),19822.654440870938,19928.02356450569,19928.02356450569,94.56688864278826
249.0,244.0,6400.0,13863.902077100905,31.3,Polygon(50 Points),13787.498262044981,13860.786963783732,13860.786963783732,64.26799584109826
250.0,258.0,6400.0,23754.059223107466,25.1,Polygon(71 Points),23584.671187843305,23753.280596605546,23753.280596605546,113.80456565032489
251.0,244.0,6400.0,64538.77132637173,22.8,Polygon(71 Points),64183.09885256645,64524.26995547957,64524.26995547957,302.7966204968621
252.0,244.0,6400.0,37165.0596317266,57.9,Polygon(229 Points),36960.243388301526,37156.708925587125,37156.708925587125,166.07314379001966
253.0,244.0,6400.0,86664.71009672168,20.1,Polygon(125 Points),86187.10181261227,86645.23719572675,86645.23719572675,408.1730196279923
254.0,258.0,6400.0,75766.24038519009,31.6,Polygon(176 Points),75225.9582179336,75763.75686849255,75763.75686849255,359.6767484737876
255.0,244.0,6400.0,39245.680378892765,51.2,Polygon(125 Points),39029.39785693486,39236.86217310121,39236.86217310121,176.97738072920296
256.0,244.0,6400.0,73207.92944501629,35.1,Polygon(196 Points),72804.48133417145,73191.48018025167,73191.48018025167,337.5619050029849
257.0,258.0,6400.0,107842.30717760128,28.2,Polygon(41 Points),107073.29349620918,107838.77225005023,107838.77225005023,514.4057488708398
258.0,258.0,6400.0,408791.241917702,0.0,Polygon(106 Points),405876.1887618912,408777.842283908,408777.842283908,2030.79102503173
259.0,258.0,6400.0,22944.398482364188,12.4,Polygon(40 Points),22780.784064182346,22943.64639546564,22943.64639546564,111.94177338282563
260.0,258.0,6400.0,32561.273537444842,39.8,Polygon(128 Points),32329.08205815269,32560.20622215888,32560.20622215888,152.81363473516228
261.0,258.0,6400.0,71763.11625259268,18.6,Polygon(116 Points),71251.37999933644,71760.7639529857,71760.7639529857,347.01262324172404
262.0,258.0,6400.0,23444.824302095723,51.0,Polygon(228 Points),23277.641392920254,23444.055811903665,23444.055811903665,108.34332777023259
263.0,258.0,6400.0,25171.075780274885,57.9,Polygon(117 Points),24991.58312885645,25170.250705852857,25170.250705852857,115.23299034346104
264.0,258.0,6400.0,37634.6651620058,39.0,Polygon(143 Points),37366.295788597155,37633.43154768283,37633.43154768283,176.8201405353873
265.0,258.0,6400.0,50647.45704641989,17.9,Polygon(125 Points),50286.29463793883,50645.79689006762,50645.79689006762,245.15288689222453
266.0,258.0,6400.0,129117.8942887699,27.7,Polygon(257 Points),128197.16633126166,129113.66197573986,129113.66197573986,616.3250285715421
267.0,258.0,6400.0,134242.32521030272,58.5,Polygon(175 Points),133285.05540209473,134237.9249252354,134237.9249252354,614.0610228260834
268.0,244.0,6400.0,10752.428820954538,16.8,Polygon(54 Points),10693.172301507886,10750.012832005264,10750.012832005264,50.88157166894564
269.0,244.0,6400.0,32022.880827138863,13.7,Polygon(41 Points),31846.403075733233,32015.68552945398,32015.68552945398,152.2126643652954
270.0,277.0,3200.0,82762.14551431064,50.4,Polygon(57 Points),81865.13657661519,82496.04120147967,82496.04120147967,333.96294574344074
271.0,244.0,6400.0,47735.03943631791,59.2,Polygon(202 Points),47471.97214801069,47724.313736135024,47724.313736135024,212.93027297665387
272.0,244.0,6400.0,28632.61581192102,53.7,Polygon(159 Points),28474.82177450678,28626.182280991183,28626.182280991183,128.6780853701727
273.0,244.0,6400.0,111662.83241944737,28.2,Polygon(168 Points),111047.45975240527,111637.7426305576,111637.7426305576,519.8939946094058
274.0,277.0,3200.0,73422.44676991971,61.5,Polygon(164 Points),72626.66518921265,73186.37229864227,73186.37229864227,291.84012632305286
275.0,277.0,3200.0,39734.412507875415,28.0,Polygon(160 Points),39303.75519549968,39606.65484197099,39606.65484197099,165.40965102180735
276.0,277.0,3200.0,67136.45897877357,15.5,Polygon(60 Points),66408.80742533758,66920.59578224295,66920.59578224295,284.50414875553884
277.0,277.0,3200.0,51419.87529028821,0.0,Polygon(138 Points),50862.566300484425,51254.5454707802,51254.5454707802,222.86887109028507
278.0,277.0,3200.0,31903.87146479931,32.9,Polygon(126 Points),31558.084660057,31801.29126052802,31801.29126052802,131.89917500162846
279.0,277.0,3200.0,14502.87688021261,63.1,Polygon(198 Points),14345.688952048062,14456.24592275859,14456.24592275859,57.52203019524205
280.0,277.0,3200.0,51834.90205707957,41.4,Polygon(183 Points),51273.09484267224,51668.23780608845,51668.23780608845,211.77439572510718
281.0,277.0,3200.0,44851.441879603444,53.7,Polygon(135 Points),44365.32417464887,44707.23147946602,44707.23147946602,180.17112781618266
282.0,277.0,3200.0,39701.47965103907,39.2,Polygon(127 Points),39271.179278019394,39573.827873825474,39573.827873825474,162.69878928296106
283.0,244.0,6400.0,65836.42962730437,14.8,Polygon(64 Points),65473.60577257626,65821.63668246484,65821.63668246484,312.4413777689798
284.0,244.0,6400.0,101683.67969218086,32.9,Polygon(77 Points),101123.30202835999,101660.83214298534,101660.83214298534,470.3105517811418
285.0,244.0,6400.0,23275.132399068127,34.5,Polygon(55 Points),23146.863395051012,23269.902653900266,23269.902653900266,107.41180391885626
286.0,277.0,3200.0,18478.749269705466,47.2,Polygon(58 Points),18278.46926065842,18419.33472884463,18419.33472884463,74.89382463478735
287.0,244.0,6400.0,15579.145261687487,17.5,Polygon(38 Points),15493.288759911597,15575.644746276677,15575.644746276677,73.64809168010783
288.0,244.0,6400.0,50880.47827992319,23.3,Polygon(128 Points),50600.07651201997,50869.04582356333,50869.04582356333,238.54628146231659
289.0,277.0,3200.0,33357.35012191869,69.7,Polygon(223 Points),32995.80993937201,33250.096562010425,33250.096562010425,131.138840509341
290.0,244.0,6400.0,62691.3518543862,51.9,Polygon(123 Points),62345.860489397426,62677.26558459384,62677.26558459384,282.4346466376351
291.0,258.0,6400.0,12422.433907853192,72.1,Polygon(120 Points),12333.850661803048,12422.026716974018,12422.026716974018,55.79607784043387
292.0,258.0,6400.0,36302.765346451284,86.0,Polygon(168 Points),36043.8936294561,36301.575390034726,36301.575390034726,160.09711438328392
293.0,277.0,3200.0,42964.09954134624,42.0,Polygon(179 Points),42498.43760074371,42825.957494474416,42825.957494474416,175.38636351306917
294.0,244.0,6400.0,61550.24898476587,45.6,Polygon(156 Points),61211.0462254038,61536.41911210654,61536.41911210654,279.7013892128112
295.0,258.0,6400.0,20341.90061102296,79.1,Polygon(53 Points),20196.84436839609,20341.23383054698,20341.23383054698,90.52428473276314
296.0,258.0,6400.0,14393.852143309103,53.4,Polygon(138 Points),14291.210893174211,14393.380331959375,14393.380331959375,66.29926242502435
297.0,258.0,6400.0,10711.101281999607,58.6,Polygon(181 Points),10634.721393213764,10710.75018633025,10710.75018633025,48.98886616819522
298.0,0.0,0.0,0.0,0.0,Polygon(122 Points),0.0,0.0,0.0,0.0
299.0,0.0,0.0,0.0,0.0,Polygon(117 Points),0.0,0.0,0.0,0.0
300.0,258.0,6400.0,23257.463860353593,72.8,Polygon(233 Points),23091.617001442828,23256.701511587882,23256.701511587882,104.36510387737529
301.0,258.0,6400.0,20412.572361354876,55.6,Polygon(180 Points),20267.01216490585,20411.903264352815,20411.903264352815,93.74078414284853
302.0,164.0,4800.0,13888.06098391406,59.3,Polygon(202 Points),13823.966868435888,13860.200486679088,13860.200486679088,57.20186434564981
303.0,164.0,4800.0,20898.49680069038,73.5,Polygon(190 Points),20802.04916348493,20856.57284075061,20856.57284075061,84.45416403605083
304.0,258.0,6400.0,3871.2469876781242,91.6,Polygon(134 Points),3843.641477600621,3871.1200933451682,3871.1200933451682,16.948498404141592
305.0,164.0,4800.0,9531.538167344439,82.3,Polygon(200 Points),9487.549628649947,9512.41718328022,9512.41718328022,38.07381072188398
306.0,0.0,0.0,0.0,0.0,Polygon(34 Points),0.0,0.0,0.0,0.0
307.0,258.0,6400.0,10818.06890799596,113.6,Polygon(150 Points),10740.926242800648,10817.714306069935,10817.714306069935,46.04904730625909
308.0,258.0,6400.0,6282.535175082379,106.1,Polygon(192 Points),6237.734988310513,6282.329241926256,6282.329241926256,26.997882190745056
309.0,258.0,6400.0,4192.057182444627,80.2,Polygon(149 Points),4162.164004054361,4191.919772379712,4191.919772379712,18.628243155288487
310.0,0.0,0.0,0.0,0.0,Polygon(244 Points),0.0,0.0,0.0,0.0
311.0,0.0,0.0,0.0,0.0,Polygon(35 Points),0.0,0.0,0.0,0.0
312.0,0.0,0.0,0.0,0.0,Polygon(53 Points),0.0,0.0,0.0,0.0
313.0,0.0,0.0,0.0,0.0,Polygon(57 Points),0.0,0.0,0.0,0.0
314.0,0.0,0.0,0.0,0.0,Polygon(59 Points),0.0,0.0,0.0,0.0
315.0,164.0,4800.0,42595.831844021784,33.0,Polygon(56 Points),42399.24989004983,42510.381394409975,42510.381394409975,181.9143039696035
316.0,0.0,0.0,0.0,0.0,Polygon(44 Points),0.0,0.0,0.0,0.0
317.0,0.0,0.0,0.0,0.0,Polygon(27 Points),0.0,0.0,0.0,0.0
318.0,0.0,0.0,0.0,0.0,Polygon(47 Points),0.0,0.0,0.0,0.0
319.0,0.0,0.0,0.0,0.0,Polygon(73 Points),0.0,0.0,0.0,0.0
320.0,0.0,0.0,0.0,0.0,Polygon(38 Points),0.0,0.0,0.0,0.0
321.0,0.0,0.0,0.0,0.0,Polygon(134 Points),0.0,0.0,0.0,0.0
322.0,0.0,0.0,0.0,0.0,Polygon(104 Points),0.0,0.0,0.0,0.0
323.0,0.0,0.0,0.0,0.0,Polygon(96 Points),0.0,0.0,0.0,0.0
324.0,0.0,0.0,0.0,0.0,Polygon(133 Points),0.0,0.0,0.0,0.0
325.0,0.0,0.0,0.0,0.0,Polygon(168 Points),0.0,0.0,0.0,0.0
326.0,0.0,0.0,0.0,0.0,Polygon(117 Points),0.0,0.0,0.0,0.0
327.0,0.0,0.0,0.0,0.0,Polygon(193 Points),0.0,0.0,0.0,0.0
328.0,0.0,0.0,0.0,0.0,Polygon(137 Points),0.0,0.0,0.0,0.0
329.0,164.0,4800.0,27320.638621217106,45.9,Polygon(168 Points),27194.55246932348,27265.831360675424,27265.831360675424,114.60493664955128
330.0,0.0,0.0,0.0,0.0,Polygon(194 Points),0.0,0.0,0.0,0.0
331.0,0.0,0.0,0.0,0.0,Polygon(105 Points),0.0,0.0,0.0,0.0
332.0,0.0,0.0,0.0,0.0,Polygon(116 Points),0.0,0.0,0.0,0.0
333.0,0.0,0.0,0.0,0.0,Polygon(66 Points),0.0,0.0,0.0,0.0
334.0,0.0,0.0,0.0,0.0,Polygon(107 Points),0.0,0.0,0.0,0.0
335.0,0.0,0.0,0.0,0.0,Polygon(103 Points),0.0,0.0,0.0,0.0
336.0,0.0,0.0,0.0,0.0,Polygon(106 Points),0.0,0.0,0.0,0.0
337.0,337.0,3200.0,141427.15304269164,0.0,Polygon(87 Points),139922.1519515987,138002.90615923543,139922.1519515987,917.4630454452391
338.0,337.0,3200.0,52799.53577625842,38.4,Polygon(196 Points),52237.668007284214,51521.148691882845,52237.668007284214,324.21154402071596
339.0,337.0,3200.0,44422.484359587615,69.8,Polygon(222 Points),43949.76122268011,43346.923193636816,43949.76122268011,261.3497572334163
340.0,337.0,3200.0,40722.843245460346,28.6,Polygon(146 Points),40289.489945204594,39736.85812118475,40289.489945204594,253.51381953702153
341.0,337.0,3200.0,38971.889399168824,17.8,Polygon(210 Points),38557.16892431067,38028.298526083665,38557.16892431067,246.36850617992906
342.0,337.0,3200.0,41565.72163982559,66.7,Polygon(55 Points),41123.39882504674,40559.328668450304,41123.39882504674,245.55787561110503
343.0,337.0,3200.0,63316.2018954348,78.1,Polygon(224 Points),62642.42072338698,61783.18435001848,62642.42072338698,368.42835974333406
344.0,337.0,3200.0,51406.85590943835,47.1,Polygon(259 Points),50859.80838306973,50162.188514606205,50859.80838306973,311.88292037469336
345.0,357.0,3200.0,43749.22460758018,80.8,Polygon(196 Points),43275.79391336192,43608.21950561234,43608.21950561234,169.45153365882499
346.0,357.0,3200.0,63014.194270588225,63.2,Polygon(141 Points),62332.28838524462,62811.097576458356,62811.097576458356,249.84941341860588
347.0,357.0,3200.0,150192.4306589581,40.3,Polygon(75 Points),148567.12855701236,149708.35581672212,149708.35581672212,614.4411292559008
348.0,357.0,3200.0,41848.79851335286,50.5,Polygon(221 Points),41395.933213222634,41713.91854337542,41713.91854337542,168.81398472562765
349.0,357.0,3200.0,26952.665303791116,72.1,Polygon(239 Points),26660.997984878333,26865.79603116845,26865.79603116845,105.60191096722363
350.0,357.0,3200.0,10334.332878199952,82.1,Polygon(134 Points),10222.5002587034,10301.025004190053,10301.025004190053,39.95913996981449
351.0,357.0,3200.0,41961.53211374934,37.4,Polygon(84 Points),41507.446870930384,41826.28879989641,41826.28879989641,172.35965344401342
352.0,357.0,3200.0,33880.221651385276,109.0,Polygon(48 Points),33513.588025291145,33771.02465071847,33771.02465071847,126.53622892415451
353.0,213.0,3200.0,6710.808015062923,106.1,Polygon(218 Points),6638.776165391508,6688.907971910592,6688.907971910592,25.131492719881468
354.0,357.0,3200.0,17606.44484044621,74.1,Polygon(327 Points),17415.917317311923,17549.698725005615,17549.698725005615,68.79999034323066
355.0,141.0,12800.0,7699.702911522456,97.5,Polygon(216 Points),7699.511841352761,7683.728022007071,7699.511841352761,34.391983549526195
356.0,213.0,3200.0,15902.632029979035,113.1,Polygon(299 Points),15731.937830831612,15850.735398916062,15850.735398916062,59.0285787460101
357.0,357.0,3200.0,26510.67840415773,0.0,Polygon(161 Points),26223.794030922392,26425.23366896197,26425.23366896197,114.88347835024811
358.0,357.0,3200.0,27900.240473114703,98.7,Polygon(254 Points),27598.319002859564,27810.317136458427,27810.317136458427,105.5804282942009
359.0,357.0,3200.0,14445.849096620046,56.7,Polygon(220 Points),14289.52384908183,14399.289678866895,14399.289678866895,57.78272933001284
360.0,357.0,3200.0,17657.992553473243,30.9,Polygon(259 Points),17466.9072085768,17601.08029816168,17601.08029816168,73.19450241246656
361.0,357.0,3200.0,23396.481583068806,80.1,Polygon(170 Points),23143.297381120276,23321.074000399614,23321.074000399614,90.70379690156206
362.0,141.0,12800.0,10455.192878703401,108.2,Polygon(371 Points),10454.93343031942,10433.501061107501,10454.93343031942,46.06586941977013
363.0,141.0,12800.0,13218.76200943864,89.8,Polygon(195 Points),13218.433982353787,13191.336501590156,13218.433982353787,59.63435556439924
364.0,162.0,6400.0,10286.106328950867,142.7,Polygon(31 Points),10232.22065786858,10283.24610197981,10283.24610197981,41.043785013295285
365.0,162.0,6400.0,53990.16074590641,87.0,Polygon(85 Points),53707.32329988031,53975.14786260552,53975.14786260552,231.07722773323002
366.0,162.0,6400.0,45743.58202964161,59.8,Polygon(173 Points),45503.945811956684,45730.86224793903,45730.86224793903,202.98022746193098
367.0,162.0,6400.0,6818.289370744687,59.3,Polygon(26 Points),6782.570500394138,6816.393429313503,6816.393429313503,30.27558996384537
368.0,162.0,6400.0,12189.705338967437,88.1,Polygon(276 Points),12125.8473122779,12186.315783885588,12186.315783885588,52.09707428865228
369.0,162.0,6400.0,22142.47999716155,39.4,Polygon(278 Points),22026.48251901815,22136.322903654192,22136.322903654192,101.04008888331217
370.0,162.0,6400.0,20452.577135127372,139.5,Polygon(829 Points),20345.432525783155,20446.88994787899,20446.88994787899,81.92887159767523
371.0,162.0,6400.0,27345.608306416958,89.2,Polygon(393 Points),27202.353277971728,27338.004394507378,27338.004394507378,116.70412457963691
372.0,162.0,6400.0,42180.88146426757,26.0,Polygon(152 Points),41959.90911264536,42169.15235210707,42169.15235210707,196.1321739176991
373.0,162.0,6400.0,14405.989804611065,80.8,Polygon(163 Points),14330.521361703653,14401.983973904462,14401.983973904462,62.159926347483776
374.0,162.0,6400.0,43819.770909731524,84.3,Polygon(256 Points),43590.21293253106,43807.586076460975,43807.586076460975,188.21062426975394
375.0,162.0,6400.0,21820.884340195254,124.1,Polygon(325 Points),21706.57160040072,21814.81667183503,21814.81667183503,89.08409600834045
376.0,162.0,6400.0,33801.360840502464,42.4,Polygon(211 Points),33624.28615800006,33791.961796700794,33791.961796700794,153.60110501322302
377.0,162.0,6400.0,13622.353265412889,53.2,Polygon(120 Points),13550.990047500134,13618.565338186305,13618.565338186305,60.991255633019016
378.0,162.0,6400.0,35230.892931340306,28.7,Polygon(230 Points),35046.329380496,35221.09638180504,35221.09638180504,163.19209202666121
379.0,357.0,3200.0,34845.74903801068,63.5,Polygon(81 Points),34468.66699128655,34733.44011275949,34733.44011275949,138.10661449717244
380.0,357.0,3200.0,15688.206052620524,31.5,Polygon(46 Points),15518.436683011076,15637.642480031885,15637.642480031885,64.97466185906634
381.0,357.0,3200.0,18354.541668614147,32.6,Polygon(39 Points),18155.91864198514,18295.38441399375,18295.38441399375,75.90027926218707
382.0,357.0,3200.0,5684.802153067001,101.1,Polygon(74 Points),5623.2842666596225,5666.479860170379,5666.479860170379,21.446398154431716
383.0,357.0,3200.0,7429.484899854454,44.1,Polygon(39 Points),7349.08699051156,7405.539440585881,7405.539440585881,30.234709799542006
384.0,357.0,3200.0,8869.971170478964,117.0,Polygon(112 Points),8773.985089660331,8841.38297947527,8841.38297947527,32.795143419702235
385.0,357.0,3200.0,8578.232445919308,89.6,Polygon(108 Points),8485.403405439962,8550.584537834304,8550.584537834304,32.84569069174977
386.0,357.0,3200.0,10761.621130782887,93.3,Polygon(149 Points),10645.164626500577,10726.936093539454,10726.936093539454,41.008637085436156
387.0,357.0,3200.0,6650.262684644778,66.0,Polygon(179 Points),6578.297101076938,6628.828682639662,6628.828682639662,26.269125803936166
388.0,357.0,3200.0,15716.090528198401,119.5,Polygon(216 Points),15546.019407717951,15665.437083083852,15665.437083083852,57.925754767706565
389.0,357.0,3200.0,15797.828335879876,87.8,Polygon(132 Points),15626.872692590588,15746.91144728695,15746.91144728695,60.6310277779257
390.0,357.0,3200.0,5083.7502473650475,50.9,Polygon(143 Points),5028.736622999571,5067.365163322107,5067.365163322107,20.496131193534822
391.0,357.0,3200.0,4770.324289811081,113.7,Polygon(185 Points),4718.702393413399,4754.949387308515,4754.949387308515,17.71075890108809
392.0,357.0,3200.0,9777.634004314648,78.4,Polygon(155 Points),9671.825682087318,9746.120387967181,9746.120387967181,37.99103278912785
393.0,357.0,3200.0,7191.0475514435675,40.9,Polygon(170 Points),7113.229883474051,7167.870583112313,7167.870583112313,29.394277013093873
394.0,357.0,3200.0,5532.886990007884,96.6,Polygon(117 Points),5473.013048190487,5515.054324373226,5515.054324373226,20.99423533838644
395.0,357.0,3200.0,12402.359331366006,69.3,Polygon(213 Points),12268.14763639632,12362.386144233042,12362.386144233042,48.77465711041199
396.0,357.0,3200.0,8239.612204570345,29.1,Polygon(141 Points),8150.447531114098,8213.055679980433,8213.055679980433,34.24088132616626
397.0,357.0,3200.0,8829.513011509469,64.5,Polygon(178 Points),8733.964747234088,8801.055218401554,8801.055218401554,34.94762737268169
398.0,357.0,3200.0,13363.468561072123,46.6,Polygon(197 Points),13218.856256402018,13320.397689210971,13320.397689210971,54.196276570064875
399.0,357.0,3200.0,8587.98059529782,41.9,Polygon(104 Points),8495.046065563089,8560.301268626328,8560.301268626328,35.05578206309129
400.0,357.0,3200.0,3816.386137483789,112.5,Polygon(40 Points),3775.0872492250746,3804.085807105562,3804.085807105562,14.190532294876478
401.0,357.0,3200.0,12502.08621940116,120.9,Polygon(260 Points),12366.795333422759,12461.791609428306,12461.791609428306,45.999153919307474
