index,area,time,profit,distance,shape
1.0,2.0,4.477005622074866,76.95133225792556,18.35,Polygon(7 Points)
2.0,2.0,2.5247818361947876,41.658900297214,0.0,Polygon(7 Points)
3.0,2.0,0.19505758213088964,4.925106420013897,233.32,Polygon(7 Points)
4.0,2.0,0.7055536331973037,17.350798559179793,215.78,Polygon(7 Points)
5.0,2.0,0.25113154746403926,6.009829062361923,198.16,Polygon(7 Points)
6.0,2.0,0.2820041971174384,6.561673658528554,180.48,Polygon(7 Points)
7.0,2.0,1.0005819104737714,22.615902776961036,162.74,Polygon(7 Points)
8.0,2.0,1.1142689977132552,24.441351181215538,144.93,Polygon(7 Points)
9.0,2.0,0.33111614876451867,7.383559001300002,154.64,Polygon(7 Points)
10.0,2.0,0.3680375575831029,7.96203251136345,136.9,Polygon(7 Points)
11.0,2.0,0.40806292817657364,8.556008438676287,119.13,Polygon(7 Points)
12.0,2.0,0.4516090563530084,9.16777674623016,101.34,Polygon(7 Points)
13.0,2.0,1.584527600913119,31.10982265252772,83.56,Polygon(7 Points)
14.0,2.0,8.053252926146323,152.77121466561152,65.87,Polygon(7 Points)
15.0,2.0,104.82486952976848,1919.9854134159307,48.43,Polygon(7 Points)
16.0,2.0,907.7371905934577,16059.459441681805,31.78,Polygon(7 Points)
17.0,906.0,0.5528010616663889,14.251073169494088,247.46,Polygon(7 Points)
18.0,906.0,0.5894858555471933,15.022825971424393,239.59,Polygon(7 Points)
19.0,2.0,0.20761387675021833,5.178149603496383,225.1,Polygon(7 Points)
20.0,2.0,0.7476168520111519,18.155034182132304,207.57,Polygon(7 Points)
21.0,2.0,0.8418448416886678,19.88795300126351,189.98,Polygon(7 Points)
22.0,2.0,0.2969481780313307,6.818635419522176,172.33,Polygon(7 Points)
23.0,2.0,11.51365845956428,250.7415755177759,140.74,Polygon(7 Points)
24.0,2.0,1.0202622750700427,22.93906686153731,159.56,Polygon(7 Points)
25.0,2.0,22.951664983669737,394.5391210692826,18.4,Polygon(7 Points)
26.0,2.0,2.276584707623037,39.13790600110145,18.44,Polygon(7 Points)
27.0,2.0,0.6650587861664755,11.77029352992255,31.95,Polygon(7 Points)
28.0,2.0,0.6053522489946042,11.097922780818077,48.88,Polygon(7 Points)
29.0,2.0,3.4209454385403935,65.00608807768401,66.73,Polygon(7 Points)
30.0,2.0,3.0901694902630763,60.8330765853189,84.96,Polygon(7 Points)
31.0,2.0,2.7853248684795435,56.75900200426758,103.41,Polygon(7 Points)
32.0,2.0,129.4446118654246,2728.1422785227232,122.02,Polygon(7 Points)
33.0,2.0,0.40806292817657364,8.556008438676287,119.13,Polygon(7 Points)
34.0,2.0,1.433769382266263,29.1058769023507,101.34,Polygon(7 Points)
35.0,2.0,0.49909491963246533,9.798980104604006,83.56,Polygon(7 Points)
36.0,2.0,1.7487913290900843,33.174790111755044,65.87,Polygon(7 Points)
37.0,2.0,1.9266811804192652,35.289333335706814,48.43,Polygon(7 Points)
38.0,2.0,6.709715833755704,118.70661510184742,31.78,Polygon(7 Points)
39.0,2.0,2.277093571218689,39.143238489249256,18.4,Polygon(7 Points)
40.0,2.0,0.7170792487507575,12.32766790489865,18.44,Polygon(7 Points)
41.0,2.0,0.2354845522762476,5.718477431907363,207.57,Polygon(7 Points)
42.0,2.0,0.8418448416886678,19.88795300126351,189.98,Polygon(7 Points)
43.0,2.0,0.9427517003739492,21.647818075874255,172.33,Polygon(7 Points)
44.0,2.0,1.0512282457449116,23.44133865186579,154.64,Polygon(7 Points)
45.0,2.0,0.3680375575831029,7.96203251136345,136.9,Polygon(7 Points)
46.0,2.0,0.6650587861664755,11.77029352992255,31.95,Polygon(7 Points)
47.0,2.0,3.7775502611452945,69.25382893757669,48.88,Polygon(7 Points)
48.0,2.0,3.4209454385403935,65.00608807768401,66.73,Polygon(7 Points)
49.0,2.0,7.239860803907597,142.5238997857249,84.96,Polygon(7 Points)
50.0,2.0,4.4989077122148,91.67817899604916,103.41,Polygon(7 Points)
51.0,2.0,5.867467431698193,123.66127672361318,122.02,Polygon(7 Points)
52.0,2.0,2.245253878676659,48.896577656350594,140.74,Polygon(7 Points)
53.0,2.0,0.321362479193595,7.225353300949194,159.56,Polygon(7 Points)
54.0,2.0,0.30464966724373693,6.948640016537179,168.23,Polygon(7 Points)
55.0,2.0,2.2768391241951687,39.1405721742581,18.42,Polygon(7 Points)
56.0,2.0,4.0372320456374995,72.20236255818675,36.91,Polygon(7 Points)
57.0,2.0,1.8529280217217297,34.4269394115843,55.46,Polygon(7 Points)
58.0,2.0,5.303724381648998,102.2471875260725,74.09,Polygon(7 Points)
59.0,2.0,1.5046752173821132,30.062282336881584,92.78,Polygon(7 Points)
60.0,2.0,34.65899883108758,716.8434080736763,111.54,Polygon(7 Points)
61.0,2.0,116.97348807365124,2501.9313147213165,130.37,Polygon(7 Points)
62.0,2.0,1.0858329896423393,23.993923030374184,149.26,Polygon(7 Points)
63.0,992.0,0.15925886246359347,4.167466005589507,257.81,Polygon(7 Points)
64.0,992.0,0.15862046062733276,4.15343710641155,258.26,Polygon(7 Points)
65.0,2.0,11.022053375856073,208.34987496380734,64.08,Polygon(7 Points)
66.0,2.0,3.1634443841052535,61.77850994664347,80.77,Polygon(7 Points)
67.0,2.0,2.868431699835357,57.89319844381451,98.21,Polygon(7 Points)
68.0,2.0,10.634734664372267,221.7820740581514,116.12,Polygon(7 Points)
69.0,2.0,2.3316725722905924,50.217232189422475,134.32,Polygon(7 Points)
70.0,2.0,0.3349371039472585,7.444898212263673,152.74,Polygon(7 Points)
71.0,2.0,0.4643299430570193,9.340345052049235,96.42,Polygon(7 Points)
72.0,2.0,0.5103231525136132,9.943263884363367,79.58,Polygon(7 Points)
73.0,2.0,0.5585135119531907,10.542919936762392,63.38,Polygon(7 Points)
74.0,2.0,1.9257186986478525,35.278203699879334,48.52,Polygon(7 Points)
75.0,2.0,6.526087381789391,116.6791005380898,36.77,Polygon(7 Points)
76.0,2.0,2.1116649926740814,37.37092724972547,31.93,Polygon(7 Points)
77.0,2.0,0.6469662425613314,11.570425152747173,36.91,Polygon(7 Points)
78.0,2.0,11.992974516809575,219.86720181666996,48.88,Polygon(7 Points)
79.0,2.0,0.27715650151189136,6.476939572956765,183.18,Polygon(7 Points)
80.0,2.0,0.30938920669737174,7.027853177432473,165.74,Polygon(7 Points)
81.0,2.0,0.3439873585854256,7.588791114592721,148.3,Polygon(7 Points)
82.0,2.0,0.38121381303167695,8.16116826456203,130.89,Polygon(7 Points)
83.0,2.0,1.3374722869888358,27.76442002156536,113.57,Polygon(7 Points)
84.0,2.0,0.548694435942644,10.423205265579941,66.57,Polygon(7 Points)
85.0,2.0,0.4955323141097201,9.752819240150455,84.84,Polygon(7 Points)
86.0,2.0,0.45992550829930723,9.28089432266026,98.11,Polygon(7 Points)
87.0,2.0,0.5502224159897798,10.441914677248043,66.07,Polygon(7 Points)
88.0,2.0,1.856532718834764,34.469546790835494,55.11,Polygon(7 Points)
89.0,2.0,6.106990839192249,111.92282110987632,48.72,Polygon(7 Points)
90.0,2.0,3.7790186408702398,69.27082881914183,48.81,Polygon(7 Points)
91.0,2.0,1.8533396370871265,34.43180711271391,55.42,Polygon(7 Points)
92.0,2.0,3.4217066501137574,65.01542034548024,66.69,Polygon(7 Points)
93.0,2.0,3.164151538397539,61.78757364711565,80.73,Polygon(7 Points)
94.0,2.0,1.4744049619568782,29.657102907901876,96.39,Polygon(7 Points)
95.0,2.0,1.3416059232093454,27.823062139217402,113.03,Polygon(7 Points)
96.0,2.0,5.592899376632642,119.60904695624359,130.29,Polygon(7 Points)
97.0,2.0,2.1504224219615935,47.41681440425314,148.0,Polygon(7 Points)
98.0,2.0,0.4156498453956216,8.665052326962522,115.92,Polygon(7 Points)
99.0,2.0,1.2155786584232509,25.98937561175371,130.14,Polygon(7 Points)
100.0,2.0,3.5268622449759954,77.42873372620299,145.44,Polygon(7 Points)
101.0,2.0,1.3421425419576303,27.830667750033424,112.96,Polygon(7 Points)
102.0,2.0,2.406870139997202,51.34576069656031,128.88,Polygon(7 Points)
103.0,2.0,3.524972710859013,77.3991476770979,145.53,Polygon(7 Points)
104.0,2.0,1.9669415321592767,44.45681250986398,162.72,Polygon(7 Points)
105.0,639.0,5.915546205285944,135.63977727082838,171.45,Polygon(7 Points)
106.0,992.0,3.23497933134357,72.75913325849749,159.77,Polygon(7 Points)
107.0,992.0,29.21522531429626,636.5267215352299,141.0,Polygon(7 Points)
108.0,992.0,7.936295736263648,167.35862041239375,122.34,Polygon(7 Points)
109.0,992.0,65.61064936932395,1338.0881872315056,103.85,Polygon(7 Points)
110.0,992.0,19.202617286150844,378.56279750633837,85.71,Polygon(7 Points)
111.0,992.0,5.479045510672653,104.42718302997658,68.25,Polygon(7 Points)
112.0,992.0,5.988469057979671,110.54339601714351,52.25,Polygon(7 Points)
113.0,906.0,1.514016170288897,36.52034105162363,203.24,Polygon(7 Points)
114.0,906.0,2.1458838233896884,53.247424722635884,221.7,Polygon(7 Points)
115.0,639.0,0.6609503624952351,16.475757542304656,224.73,Polygon(7 Points)
116.0,639.0,2.289991879112841,56.048696237226345,212.68,Polygon(7 Points)
117.0,639.0,11.386678593904398,273.9720269782852,201.62,Polygon(7 Points)
118.0,639.0,3.8315629342476085,90.77355747526008,191.76,Polygon(7 Points)
119.0,639.0,4.049180634976709,94.64301742404874,183.29,Polygon(7 Points)
120.0,639.0,1.805518378742203,41.737942671586154,176.45,Polygon(7 Points)
121.0,992.0,0.35187141043768744,7.71258147753106,144.5,Polygon(7 Points)
122.0,906.0,1.2619900371248447,26.67594540474497,123.68,Polygon(7 Points)
123.0,906.0,0.435637189959445,8.947279971333316,107.69,Polygon(7 Points)
124.0,906.0,0.47554440878842064,9.490320880088312,92.18,Polygon(7 Points)
125.0,992.0,3.9773315638617843,71.53230817605419,39.6,Polygon(7 Points)
126.0,992.0,9.592683049957161,170.64663694645043,34.38,Polygon(7 Points)
127.0,992.0,40.05782051400455,720.6502055020703,39.74,Polygon(7 Points)
128.0,992.0,243.59023204849586,4499.903254189876,52.62,Polygon(7 Points)
129.0,992.0,13.868460581625584,264.69863933362404,68.97,Polygon(7 Points)
130.0,992.0,7.160809540728547,141.49401612002572,86.92,Polygon(7 Points)
131.0,992.0,6.4421912598929465,131.82655975118934,105.68,Polygon(7 Points)
132.0,992.0,1.2529018740249547,26.54256958848442,124.93,Polygon(7 Points)
133.0,992.0,1.2075998237581365,25.869958174436647,131.27,Polygon(7 Points)
134.0,906.0,1.3616581083377943,28.106155221463958,110.43,Polygon(7 Points)
135.0,992.0,6.619265674733341,117.71205631020165,34.22,Polygon(7 Points)
136.0,992.0,4.440393980343804,76.56682350156328,19.82,Polygon(7 Points)
137.0,992.0,10.401516541116944,179.36765180372345,19.85,Polygon(7 Points)
138.0,992.0,9.591616264234554,170.63485334073266,34.4,Polygon(7 Points)
139.0,992.0,5.976511513982806,110.40335013386515,52.61,Polygon(7 Points)
140.0,992.0,10.558042393440518,202.6391879020046,71.81,Polygon(7 Points)
141.0,992.0,15.28169485898127,304.5431662090655,91.43,Polygon(7 Points)
142.0,992.0,4.302340960732907,88.94068130337112,111.27,Polygon(7 Points)
143.0,906.0,0.5618136834250009,10.582884354676743,62.32,Polygon(7 Points)
144.0,906.0,0.5132667081359107,9.980791931395368,78.55,Polygon(7 Points)
145.0,906.0,1.481566853219272,29.753381133919376,95.53,Polygon(7 Points)
146.0,906.0,23.003084652846482,476.97471104793493,112.94,Polygon(7 Points)
147.0,906.0,5.5811812369208695,119.43379023183351,130.65,Polygon(7 Points)
148.0,906.0,2.1431025475461563,47.30121999034654,148.57,Polygon(7 Points)
149.0,906.0,3.100549089285508,70.53787934988148,166.67,Polygon(7 Points)
150.0,906.0,2.762696642024867,64.74034243505022,184.9,Polygon(7 Points)
151.0,906.0,2.9414311011018013,58.87458188299074,93.75,Polygon(7 Points)
152.0,906.0,5.207298945451979,101.03071231492294,77.38,Polygon(7 Points)
153.0,906.0,30.684006550790876,577.200682727746,61.63,Polygon(7 Points)
154.0,906.0,3.8133734498825493,69.66747289926676,47.18,Polygon(7 Points)
155.0,906.0,2.067161948678808,36.880236326378615,35.76,Polygon(7 Points)
156.0,906.0,2.1221483108427472,37.48562776272629,31.04,Polygon(7 Points)
157.0,906.0,2.0656685611852508,36.86366293434183,35.89,Polygon(7 Points)
158.0,906.0,0.6099065553358402,11.150540359608081,47.53,Polygon(7 Points)
159.0,906.0,0.4707015777594672,9.42579909463333,94.0,Polygon(7 Points)
160.0,992.0,5.978170863319424,110.42279401637303,52.56,Polygon(7 Points)
161.0,992.0,18.244710987047185,341.86255270867,59.67,Polygon(7 Points)
162.0,992.0,13.65242382101634,262.0190245259232,71.79,Polygon(7 Points)
163.0,992.0,12.548212539710715,247.93228893930663,86.89,Polygon(7 Points)
164.0,992.0,11.412560108372942,232.7006740397107,103.73,Polygon(7 Points)
165.0,992.0,4.05448388442111,85.39047146882186,121.62,Polygon(7 Points)
166.0,992.0,3.638593363512484,79.1639661616002,140.18,Polygon(7 Points)
167.0,992.0,0.3220497429979153,7.23657849381678,159.21,Polygon(7 Points)
168.0,906.0,0.430266106732352,8.87214090408444,109.87,Polygon(7 Points)
169.0,906.0,1.2498599798243568,26.49781273476375,125.35,Polygon(7 Points)
170.0,906.0,2.234523956471088,48.73077775821604,141.55,Polygon(7 Points)
171.0,906.0,2.0210974178228347,45.344331117564195,158.28,Polygon(7 Points)
172.0,906.0,1.81743943614187,41.942640127352554,175.41,Polygon(7 Points)
173.0,2.0,2.8087099288880517,65.54897014290712,182.34,Polygon(7 Points)
174.0,2.0,1.6738796030945835,39.433674159602965,188.22,Polygon(7 Points)
175.0,2.0,1.5929742445387447,37.97570950268141,195.72,Polygon(7 Points)
176.0,906.0,5.0862898210603955,99.48592154125842,81.59,Polygon(7 Points)
177.0,906.0,5.384408821026646,103.25546185862274,71.38,Polygon(7 Points)
178.0,906.0,10.996958676877016,208.04458810866325,64.49,Polygon(7 Points)
179.0,906.0,1.7859285728827945,33.626132893452095,62.09,Polygon(7 Points)
180.0,906.0,0.5543376066151443,10.492155757007316,64.73,Polygon(7 Points)
181.0,906.0,0.5325968190837078,10.224261135949938,71.92,Polygon(7 Points)
182.0,906.0,0.5020348567665953,9.836933737841761,82.51,Polygon(7 Points)
183.0,906.0,1.4824851189067345,29.765706838689137,95.42,Polygon(7 Points)
184.0,906.0,0.47136419351699116,9.434648935863525,93.75,Polygon(7 Points)
185.0,906.0,1.3655429359417677,28.160738503592107,109.93,Polygon(7 Points)
186.0,906.0,1.2399064116425011,26.3509560251308,126.73,Polygon(7 Points)
187.0,906.0,3.5580407914976138,77.9157562726105,143.96,Polygon(7 Points)
188.0,906.0,1.0082253327901327,22.74178266274743,161.5,Polygon(7 Points)
189.0,906.0,4.154662210028484,96.48372050349145,179.28,Polygon(7 Points)
190.0,906.0,2.5466059685424365,60.85687948175073,197.26,Polygon(7 Points)
191.0,2.0,0.7521422514235542,18.240389774835464,206.7,Polygon(7 Points)
192.0,906.0,1.6391898808505254,31.80991392905019,77.49,Polygon(7 Points)
193.0,906.0,1.764713137978642,33.36896072603814,64.24,Polygon(7 Points)
194.0,906.0,1.8723719809351405,34.65620108812376,53.58,Polygon(7 Points)
195.0,906.0,1.9380535076370227,35.42059267563958,47.37,Polygon(7 Points)
196.0,906.0,0.610143641367075,11.153273228279792,47.46,Polygon(7 Points)
197.0,906.0,1.8691519471688427,34.61832956952074,53.89,Polygon(7 Points)
198.0,906.0,1.7587383816807878,33.29621519968296,64.85,Polygon(7 Points)
199.0,906.0,1.6297931635190135,31.69051316804546,78.52,Polygon(7 Points)
200.0,992.0,2.0606287941463277,45.98473459157019,155.09,Polygon(7 Points)
201.0,992.0,7.285830158298743,157.65534660911715,137.03,Polygon(7 Points)
202.0,992.0,33.15248435347942,695.3319187087886,119.3,Polygon(7 Points)
203.0,992.0,379.6022005142677,7716.9805845296105,102.11,Polygon(7 Points)
204.0,992.0,44.958979435594685,886.5292558732032,85.83,Polygon(7 Points)
205.0,992.0,5.391009518678325,103.33756595878546,71.16,Polygon(7 Points)
206.0,992.0,5.756948688793509,107.80246229058895,59.35,Polygon(7 Points)
207.0,992.0,8.675650035354721,160.21865148416776,52.47,Polygon(7 Points)
208.0,2.0,0.7123923367981139,17.482909386404607,214.43,Polygon(7 Points)
209.0,2.0,2.117614323155921,52.68889137802326,223.5,Polygon(7 Points)
210.0,639.0,21.819999229165017,540.4541059073811,220.5,Polygon(7 Points)
211.0,639.0,3.3673876784983428,82.17351967147542,210.74,Polygon(7 Points)
212.0,639.0,2.4622321096758966,59.3003981294343,202.24,Polygon(7 Points)
213.0,639.0,1.5984060236153441,38.07463088477635,195.21,Polygon(7 Points)
214.0,639.0,6.800257133257506,160.60507284470913,189.8,Polygon(7 Points)
215.0,992.0,5.845434369817252,134.44864390227792,173.35,Polygon(7 Points)
216.0,906.0,1.137446215345234,24.801730364048993,141.46,Polygon(7 Points)
217.0,906.0,26.523883938752043,593.9327556130127,157.13,Polygon(7 Points)
218.0,2.0,10.19469925690274,229.75538847800289,160.98,Polygon(7 Points)
219.0,2.0,3.1441626625498644,71.26362580769113,164.41,Polygon(7 Points)
220.0,2.0,3.040421298828881,69.52911436694355,169.82,Polygon(7 Points)
221.0,2.0,4.214030552710506,97.51003322062566,177.05,Polygon(7 Points)
222.0,2.0,1.699253405691887,39.884238718372835,185.91,Polygon(7 Points)
223.0,2.0,0.8079023295901393,19.27422686482314,196.19,Polygon(7 Points)
224.0,906.0,7.365694852337233,144.15033110766583,81.88,Polygon(7 Points)
225.0,906.0,1.634074752758739,31.74496596249993,78.05,Polygon(7 Points)
226.0,906.0,1.632798293565629,31.728740540354003,78.19,Polygon(7 Points)
227.0,906.0,0.5025123384430713,9.843086057338269,82.34,Polygon(7 Points)
228.0,906.0,0.4814577093511348,9.568610880071795,89.98,Polygon(7 Points)
229.0,906.0,0.45414403708907747,9.202377391540612,100.35,Polygon(7 Points)
230.0,906.0,0.423279995848701,8.773641933952913,112.74,Polygon(7 Points)
231.0,906.0,1.241057221804203,26.367967130910266,126.57,Polygon(7 Points)
232.0,992.0,2.290309544277127,49.58835080922317,137.37,Polygon(7 Points)
233.0,992.0,2.493149899527046,52.6179286295183,122.8,Polygon(7 Points)
234.0,992.0,8.531530410118831,175.8732336393947,109.72,Polygon(7 Points)
235.0,992.0,2.8598636493967127,57.77711034284943,98.74,Polygon(7 Points)
236.0,992.0,2.992295678856541,59.550424378843736,90.7,Polygon(7 Points)
237.0,992.0,26.718396837552792,527.4712505673624,86.45,Polygon(7 Points)
238.0,992.0,9.720971223342431,191.96487923295462,86.6,Polygon(7 Points)
239.0,992.0,15.303173301984803,304.8277347955608,91.18,Polygon(7 Points)
240.0,2.0,9.16166232687591,222.52532584190723,207.7,Polygon(7 Points)
241.0,2.0,6.884416452113971,170.45901190639847,220.27,Polygon(7 Points)
242.0,639.0,1.9744310230651223,49.81267347703209,232.77,Polygon(7 Points)
243.0,992.0,0.6805311427370768,16.86279611948919,220.77,Polygon(7 Points)
244.0,992.0,1.5132909409338555,36.50681982045595,203.31,Polygon(7 Points)
245.0,992.0,2.741102746650972,64.3586940264615,186.11,Polygon(7 Points)
246.0,992.0,16.467098679053645,376.2402706190177,169.28,Polygon(7 Points)
247.0,992.0,3.3714792164365726,74.96821185668364,152.96,Polygon(7 Points)
248.0,992.0,2.0895878036716535,46.44996968476809,152.78,Polygon(7 Points)
249.0,992.0,2.3116666360692295,49.913794964336304,135.79,Polygon(7 Points)
250.0,992.0,18.905787342139927,396.63160232100677,119.45,Polygon(7 Points)
251.0,992.0,17.310354754559764,353.2156249724477,104.13,Polygon(7 Points)
252.0,992.0,7.023558792375909,139.6906828767154,90.37,Polygon(7 Points)
253.0,992.0,3.1936276514463255,62.16436143885916,79.07,Polygon(7 Points)
254.0,992.0,24.78851125365541,475.409561642137,71.43,Polygon(7 Points)
255.0,992.0,21.107813951470003,402.7054284731205,68.76,Polygon(7 Points)
256.0,2.0,1.499029361169428,36.240346456961944,204.69,Polygon(7 Points)
257.0,2.0,2.2533304638500944,55.34320452369823,214.95,Polygon(7 Points)
258.0,2.0,6.581417097409171,164.45974113860905,226.36,Polygon(7 Points)
259.0,639.0,2.154079974669714,53.40879741195455,221.18,Polygon(7 Points)
260.0,639.0,2.2689630738661224,55.64461766426125,213.98,Polygon(7 Points)
261.0,992.0,1.4868883110848703,36.01262075551445,205.87,Polygon(7 Points)
262.0,992.0,3.928858277814768,92.51577251141269,187.94,Polygon(7 Points)
263.0,992.0,3.033029678265409,69.40443899903755,170.21,Polygon(7 Points)
264.0,906.0,0.4278698281982736,8.838453557363213,110.85,Polygon(7 Points)
265.0,906.0,2.8550237297116365,57.71144967239101,99.04,Polygon(7 Points)
266.0,906.0,1.5357560865741202,30.47362408686862,89.14,Polygon(7 Points)
267.0,992.0,5.375420207935174,103.14356294986013,71.68,Polygon(7 Points)
268.0,992.0,19.867921270801514,387.14134690252064,79.62,Polygon(7 Points)
269.0,992.0,252.1813534362203,5024.6819445475085,91.33,Polygon(7 Points)
270.0,992.0,17.166627190737348,351.22919232248626,105.6,Polygon(7 Points)
271.0,992.0,5.88270990826743,123.88325261946524,121.57,Polygon(7 Points)
272.0,992.0,1.1563391429792742,25.092703945043127,138.67,Polygon(7 Points)
273.0,992.0,0.32726606458264207,7.321391855552505,156.57,Polygon(7 Points)
274.0,992.0,5.230859904358881,114.1027086662444,141.69,Polygon(7 Points)
275.0,992.0,5.631443351045069,120.18415220674723,129.11,Polygon(7 Points)
276.0,992.0,1.301039656171116,27.243282510352103,118.39,Polygon(7 Points)
277.0,992.0,4.331378633007826,89.34930270867281,110.09,Polygon(7 Points)
278.0,992.0,6.47296740994276,132.25243363624548,104.84,Polygon(7 Points)
279.0,992.0,4.50553862472416,91.76937390070977,103.15,Polygon(7 Points)
280.0,992.0,11.317190398183044,231.38420163725158,105.21,Polygon(7 Points)
281.0,992.0,23.276443092583992,480.8360327404403,110.87,Polygon(7 Points)
282.0,2.0,4.850885560628154,116.76687905127044,201.9,Polygon(7 Points)
283.0,2.0,0.7063625840588633,17.366453901025196,215.62,Polygon(7 Points)
284.0,2.0,0.6345770297740461,15.94707940247922,230.14,Polygon(7 Points)
285.0,992.0,1.3521283241352338,33.429175605716935,219.29,Polygon(7 Points)
286.0,992.0,4.82777874799464,116.33739837980079,202.6,Polygon(7 Points)
287.0,992.0,1.6946236455281296,39.80226104638626,186.33,Polygon(7 Points)
288.0,992.0,1.8730969545282192,42.88993992766784,170.61,Polygon(7 Points)
289.0,992.0,1.044882579316442,23.33901973290171,155.64,Polygon(7 Points)
290.0,906.0,30.432665276573804,655.1315935751234,134.06,Polygon(7 Points)
291.0,906.0,1.2555865151603838,26.58202211246049,124.56,Polygon(7 Points)
292.0,906.0,1.3119880232699686,27.400705867490377,116.93,Polygon(7 Points)
293.0,906.0,0.42606782032087637,8.81305308790471,111.59,Polygon(7 Points)
294.0,906.0,1.3734969221914795,28.27223233350469,108.91,Polygon(7 Points)
295.0,992.0,138.13702805485133,2899.0127392731365,119.64,Polygon(7 Points)
296.0,992.0,7.550240665098528,161.65254019992577,130.94,Polygon(7 Points)
297.0,992.0,6.983563950653563,152.99242724894293,144.2,Polygon(7 Points)
298.0,992.0,0.3225609287312898,7.244920059885224,158.95,Polygon(7 Points)
299.0,906.0,1.231659712530211,26.228809408187104,127.88,Polygon(7 Points)
300.0,906.0,1.3149253248028743,27.44282025996718,116.54,Polygon(7 Points)
301.0,906.0,0.4376721421743732,8.975616164658732,106.87,Polygon(7 Points)
302.0,906.0,1.4497409716221614,29.32354819775855,99.38,Polygon(7 Points)
303.0,992.0,839.5643665404491,16989.214630220897,99.62,Polygon(7 Points)
304.0,992.0,299.72099299543146,6193.771785374716,111.07,Polygon(7 Points)
305.0,992.0,12.640886567168586,267.71501616277993,124.76,Polygon(7 Points)
306.0,992.0,2.2545575039413897,49.04000754698114,140.04,Polygon(7 Points)
307.0,992.0,0.32742503463964306,7.323965959207526,156.49,Polygon(7 Points)
308.0,2.0,3.5610005238330293,77.96187471840747,143.82,Polygon(7 Points)
309.0,2.0,19.190959401898805,420.3467803895652,144.09,Polygon(7 Points)
310.0,2.0,3.5006845483346485,77.01812316234204,146.69,Polygon(7 Points)
311.0,2.0,4.932621037663327,109.41724959033708,151.53,Polygon(7 Points)
312.0,2.0,2.0191284983415474,45.31227219553183,158.44,Polygon(7 Points)
313.0,2.0,4.483696007280997,102.0870325417774,167.16,Polygon(7 Points)
314.0,2.0,2.897497317638232,67.09191257707796,177.47,Polygon(7 Points)
315.0,2.0,3.898656769818292,91.97711051355316,189.12,Polygon(7 Points)
316.0,906.0,0.4689826403591354,9.402808825050439,94.65,Polygon(7 Points)
317.0,906.0,1.5017164975528878,30.022879362763906,93.13,Polygon(7 Points)
318.0,906.0,0.4680330073034031,9.390087721402264,95.01,Polygon(7 Points)
319.0,906.0,2.8374987624353603,57.47318274578291,100.13,Polygon(7 Points)
320.0,906.0,1.3799981101964744,28.36310115886813,108.08,Polygon(7 Points)
321.0,906.0,1.3016376261077607,27.251898863708394,118.31,Polygon(7 Points)
322.0,906.0,3.8554024959666786,82.45404740530336,130.31,Polygon(7 Points)
323.0,906.0,0.35361081467424943,7.739700907534468,143.67,Polygon(7 Points)
324.0,906.0,0.3161134478571622,7.139224648949099,162.25,Polygon(7 Points)
325.0,906.0,15.656327865443489,347.31802032601513,151.57,Polygon(7 Points)
326.0,906.0,5.214469453034724,113.84881518547036,142.22,Polygon(7 Points)
327.0,906.0,1.1850162155734483,25.52969309426047,134.5,Polygon(7 Points)
328.0,906.0,2.4089699744001685,51.37700600777279,128.73,Polygon(7 Points)
329.0,906.0,0.39400039768609313,8.350986179105876,125.21,Polygon(7 Points)
330.0,906.0,0.39637784995185393,8.385918435275151,124.17,Polygon(7 Points)
331.0,992.0,34.40640794643952,762.4029920831665,150.9,Polygon(7 Points)
332.0,992.0,1.9534362991749847,44.23361155851835,163.84,Polygon(7 Points)
333.0,2.0,6.094615406705025,126.9378878639264,115.41,Polygon(7 Points)
334.0,2.0,7.98034639171156,168.0002571517138,121.38,Polygon(7 Points)
335.0,2.0,9.828187266245841,209.99642027105833,129.78,Polygon(7 Points)
336.0,2.0,36.6725572036425,797.8894111493001,140.19,Polygon(7 Points)
337.0,2.0,58.02870202931808,1288.7594433691252,152.24,Polygon(7 Points)
338.0,2.0,4.527774108519801,102.82235417390332,165.58,Polygon(7 Points)
339.0,2.0,4.13692494600936,96.17574826044387,179.95,Polygon(7 Points)
340.0,2.0,3.746603671625276,89.23566959985294,195.14,Polygon(7 Points)
341.0,906.0,0.3929069443773724,8.334882351181344,125.69,Polygon(7 Points)
342.0,906.0,0.3838653550326106,8.200803478577935,129.7,Polygon(7 Points)
343.0,906.0,0.36992304512030605,7.990753938024371,136.03,Polygon(7 Points)
344.0,2.0,0.3874306262432622,8.253870490314739,128.11,Polygon(7 Points)
345.0,2.0,2.529917669677364,53.152937760503995,120.26,Polygon(7 Points)
346.0,2.0,1.3283242553438999,27.634291767642562,114.77,Polygon(7 Points)
347.0,2.0,1.349442925887343,27.9339746069652,112.01,Polygon(7 Points)
348.0,2.0,0.4245386856529695,8.791453237173103,112.22,Polygon(7 Points)
349.0,2.0,1.2218206537274179,26.08251095028262,129.26,Polygon(7 Points)
350.0,2.0,2.3445347395327305,50.411599835747865,133.38,Polygon(7 Points)
351.0,2.0,3.6450438945828654,79.26330200965168,139.88,Polygon(7 Points)
352.0,2.0,59.36409715378919,1309.9801113805215,148.45,Polygon(7 Points)
353.0,2.0,14.985652449675403,336.50282575746115,158.8,Polygon(7 Points)
354.0,2.0,5.945968892215544,136.15451192450914,170.63,Polygon(7 Points)
355.0,2.0,4.039789754553026,94.47805801601228,183.65,Polygon(7 Points)
356.0,2.0,9.811529717897104,234.6194308204292,197.67,Polygon(7 Points)
357.0,906.0,0.43210761071390197,8.897959919820668,109.12,Polygon(7 Points)
358.0,906.0,0.4245144506767849,8.791110566146534,112.23,Polygon(7 Points)
359.0,906.0,0.410626359859705,8.592972519604118,118.04,Polygon(7 Points)
360.0,906.0,0.39172508770966025,8.317449821703253,126.21,Polygon(7 Points)
361.0,906.0,1.1722968396380011,25.33655852088621,136.34,Polygon(7 Points)
362.0,2.0,1.1996616636392947,25.750737610017456,132.4,Polygon(7 Points)
363.0,2.0,1.2252359201455867,26.13336324976525,128.78,Polygon(7 Points)
364.0,2.0,0.38835417120466514,8.267574862233314,127.7,Polygon(7 Points)
365.0,992.0,5.346040577589402,115.87542951925028,138.0,Polygon(7 Points)
366.0,992.0,14.961925706235146,319.55306875234356,129.54,Polygon(7 Points)
367.0,992.0,21.634371986005167,457.25867770320866,123.62,Polygon(7 Points)
368.0,992.0,2.5243893138276396,53.07276093391228,120.64,Polygon(7 Points)
369.0,992.0,12.929419288676103,271.9299303020247,120.85,Polygon(7 Points)
370.0,992.0,7.848326178784401,166.07156298385033,124.27,Polygon(7 Points)
371.0,992.0,5.580205588028701,119.4191896866082,130.68,Polygon(7 Points)
372.0,992.0,7.171730213571416,155.90713957910572,139.71,Polygon(7 Points)
373.0,2.0,2.292910644197292,56.104657325202474,212.5,Polygon(7 Points)
374.0,2.0,4.024703814290562,100.81883054797856,228.0,Polygon(7 Points)
375.0,992.0,3.162336847008279,78.21210077652637,219.53,Polygon(7 Points)
376.0,992.0,2.436771555720116,58.82610212663931,203.76,Polygon(7 Points)
377.0,992.0,3.9124613593347783,92.22356104689956,188.58,Polygon(7 Points)
378.0,992.0,1.8319475380539965,42.190896768594826,174.15,Polygon(7 Points)
379.0,992.0,4.665721491433985,105.1012087464148,160.7,Polygon(7 Points)
380.0,992.0,3.4624072166121693,76.4148944697285,148.53,Polygon(7 Points)
381.0,2.0,2.6656037696671517,55.09203231053827,111.14,Polygon(7 Points)
382.0,2.0,4.0537828001981895,85.38026661492424,121.65,Polygon(7 Points)
383.0,2.0,146.94928358811654,3162.9731172715165,133.98,Polygon(7 Points)
384.0,2.0,6.839010954296088,150.72581729810082,147.71,Polygon(7 Points)
385.0,2.0,8.08437342093928,182.65934361937968,162.51,Polygon(7 Points)
386.0,2.0,11.148064622289732,258.40656391236485,178.12,Polygon(7 Points)
387.0,2.0,18.512211115916646,440.3916182893201,194.38,Polygon(7 Points)
388.0,2.0,4.549980755710523,111.101998840534,211.15,Polygon(7 Points)
389.0,2.0,0.37979367360145544,8.139880435253993,131.53,Polygon(7 Points)
390.0,2.0,0.4063534292709194,8.531288659185636,119.86,Polygon(7 Points)
391.0,2.0,0.43016807913404315,8.87076481487256,109.91,Polygon(7 Points)
392.0,2.0,2.8043158190014994,57.019803008280114,102.21,Polygon(7 Points)
393.0,2.0,9.151509824438444,184.40521083989074,97.34,Polygon(7 Points)
394.0,2.0,1.479481752544108,29.725377501678082,95.78,Polygon(7 Points)
395.0,2.0,0.4609646528176855,9.294948879997412,97.71,Polygon(7 Points)
396.0,2.0,2.792275304977014,56.854564587876325,102.97,Polygon(7 Points)
397.0,992.0,6.4620285118294065,144.69774243688408,157.12,Polygon(7 Points)
398.0,992.0,2.0630000629796226,46.022952654996644,154.9,Polygon(7 Points)
399.0,992.0,4.825444463496068,107.69849180021079,155.17,Polygon(7 Points)
400.0,992.0,2.025162461442232,45.41047101822684,157.95,Polygon(7 Points)
401.0,992.0,12.241808069147224,276.88674513398064,163.15,Polygon(7 Points)
402.0,992.0,4.389791306592438,100.50866175574045,170.56,Polygon(7 Points)
403.0,992.0,4.137453753422994,96.18493895098186,179.93,Polygon(7 Points)
404.0,992.0,0.8362167357189539,19.786978508949744,191.0,Polygon(7 Points)
405.0,2.0,0.6433048032115735,16.12298745669086,228.34,Polygon(7 Points)
406.0,992.0,0.22895216281833872,5.594360241405047,211.59,Polygon(7 Points)
407.0,992.0,0.24984860769455336,5.986247716057652,198.92,Polygon(7 Points)
408.0,992.0,0.8564549728148079,20.14863851982636,187.35,Polygon(7 Points)
409.0,992.0,0.9147427666982509,21.16863407839341,177.11,Polygon(7 Points)
410.0,992.0,1.8982555161358514,43.313682521369294,168.47,Polygon(7 Points)
411.0,992.0,1.9790523300430354,44.656326301256065,161.72,Polygon(7 Points)
412.0,992.0,3.4524715731696856,76.25776054922535,149.01,Polygon(7 Points)
413.0,992.0,25.575770671527422,558.776240660197,142.61,Polygon(7 Points)
414.0,992.0,3.6704990461990987,79.65441742632821,138.7,Polygon(7 Points)
415.0,992.0,5.360846687554965,116.10186702988571,137.53,Polygon(7 Points)
416.0,992.0,11.619498116976274,252.37114178893074,139.19,Polygon(7 Points)
417.0,992.0,5.171663371516242,113.18379225939726,143.61,Polygon(7 Points)
418.0,992.0,4.960568615074319,109.86233318912778,150.59,Polygon(7 Points)
419.0,992.0,4.691466414357055,105.52280832492606,159.8,Polygon(7 Points)
420.0,2.0,7.356973092363222,179.60210561731714,211.0,Polygon(7 Points)
421.0,2.0,2.983518103407436,74.66999933302961,227.4,Polygon(7 Points)
422.0,992.0,0.6769034883017051,16.79143715668417,221.5,Polygon(7 Points)
423.0,992.0,0.7516734857301451,18.23155851882752,206.79,Polygon(7 Points)
424.0,992.0,1.6239948055929714,38.538614732825394,192.82,Polygon(7 Points)
425.0,992.0,5.611647616505935,130.42661535878298,179.79,Polygon(7 Points)
426.0,992.0,1.9045198360068616,43.41876709132542,167.94,Polygon(7 Points)
427.0,992.0,3.278651450012606,73.47089051190122,157.57,Polygon(7 Points)
428.0,906.0,0.9621602659883717,21.975860745207658,169.07,Polygon(7 Points)
429.0,906.0,1.0185190130495345,22.910566679536227,159.84,Polygon(7 Points)
430.0,906.0,0.3363120924032646,7.466885153560383,152.06,Polygon(7 Points)
431.0,906.0,1.1073244810668768,24.332624978083814,145.98,Polygon(7 Points)
432.0,906.0,0.35746823035231645,7.799599318057192,141.84,Polygon(7 Points)
433.0,906.0,1.1483879911469552,24.970548479499396,139.84,Polygon(7 Points)
434.0,906.0,0.3611434348038821,7.856359423653001,140.11,Polygon(7 Points)
435.0,906.0,0.35577812884723775,7.773396337183298,142.64,Polygon(7 Points)
436.0,992.0,4.379923137030044,100.34184910778976,170.92,Polygon(7 Points)
437.0,992.0,0.2763712261349359,6.463148401585078,183.62,Polygon(7 Points)
438.0,906.0,0.2837761839634201,6.592475473700203,179.5,Polygon(7 Points)
439.0,992.0,4.330249871944586,99.49939899507471,172.74,Polygon(7 Points)
440.0,992.0,3.0009438083427913,68.86153221611391,171.91,Polygon(7 Points)
441.0,992.0,2.973934212018031,68.40234558529721,173.35,Polygon(7 Points)
442.0,992.0,4.214565334574619,97.51924681472164,177.03,Polygon(7 Points)
443.0,992.0,5.503297534476103,128.53570512741567,182.83,Polygon(7 Points)
444.0,992.0,5.23230403049025,123.72894744700675,190.59,Polygon(7 Points)
445.0,992.0,2.498307589976471,59.968750812897724,200.1,Polygon(7 Points)
446.0,992.0,0.22967904609800135,5.608245527859474,211.14,Polygon(7 Points)
447.0,992.0,0.2537588588554814,6.05795351759955,196.61,Polygon(7 Points)
448.0,992.0,0.8532206722545727,20.091107127330513,187.93,Polygon(7 Points)
449.0,992.0,4.111589978824158,95.73477501568902,180.91,Polygon(7 Points)
450.0,992.0,1.8131927297489943,41.869793217181325,175.78,Polygon(7 Points)
451.0,906.0,0.8943910483103222,20.81605725837444,180.64,Polygon(7 Points)
452.0,906.0,0.29080304270073,6.7137334964514155,175.65,Polygon(7 Points)
453.0,906.0,0.9427517003739492,21.647818075874255,172.33,Polygon(7 Points)
454.0,2.0,0.3244531796588523,7.275740883907391,157.99,Polygon(7 Points)
455.0,2.0,1.1350252744387976,24.764265194024293,141.82,Polygon(7 Points)
456.0,2.0,0.3920884354920261,8.3228122091348,126.05,Polygon(7 Points)
457.0,2.0,1.358014837977031,28.054889034057982,110.9,Polygon(7 Points)
458.0,2.0,1.4720797736773077,29.625789455227526,96.67,Polygon(7 Points)
459.0,906.0,0.24134416966116704,5.828552201380807,204.01,Polygon(7 Points)
460.0,906.0,3.7503519991581027,89.30385059795266,194.99,Polygon(7 Points)
461.0,906.0,0.8576277411772959,20.169474810072355,187.14,Polygon(7 Points)
462.0,906.0,0.2875411835914015,6.657620736931463,177.43,Polygon(7 Points)
463.0,906.0,0.3020433485565325,6.904824214258042,169.61,Polygon(7 Points)
464.0,906.0,0.3140996163254269,7.105993407486255,163.29,Polygon(7 Points)
465.0,906.0,1.0257543056339082,23.028697038634057,158.68,Polygon(7 Points)
466.0,906.0,1.0429840763896896,23.30834739313768,155.94,Polygon(7 Points)
467.0,906.0,1.0476079438415118,23.38300215952148,155.21,Polygon(7 Points)
468.0,2.0,0.3571508848752844,7.7946841308212536,141.99,Polygon(7 Points)
469.0,2.0,1.234236626632455,26.267023887991897,127.52,Polygon(7 Points)
470.0,906.0,0.2534869783073374,6.052983869128621,196.77,Polygon(7 Points)
471.0,906.0,0.8609275976976358,20.228031987654518,186.55,Polygon(7 Points)
472.0,2.0,1.4188342421390596,28.901121449531846,103.19,Polygon(7 Points)
473.0,2.0,4.1894879167959465,87.33825460144507,115.92,Polygon(7 Points)
474.0,2.0,5.597787583382849,119.68209797962118,130.14,Polygon(7 Points)
475.0,2.0,3.5268622449759954,77.42873372620299,145.44,Polygon(7 Points)
476.0,2.0,8.132633421208894,183.45391155727486,161.54,Polygon(7 Points)
477.0,2.0,20.560608036832534,476.67713672592544,178.24,Polygon(7 Points)
478.0,2.0,9.960490952761148,237.3410685451308,195.42,Polygon(7 Points)
479.0,2.0,0.7198732201153064,17.62681566774339,212.96,Polygon(7 Points)
480.0,2.0,1.3341882583677052,27.71776106758907,114.0,Polygon(7 Points)
481.0,2.0,0.45028247101896546,9.149627240487622,101.86,Polygon(7 Points)
482.0,2.0,1.5140078991623276,30.186289493498492,91.68,Polygon(7 Points)
483.0,2.0,5.012297240346912,98.53111261358454,84.21,Polygon(7 Points)
484.0,2.0,1.613942435612949,31.48821866161309,80.27,Polygon(7 Points)
485.0,2.0,0.5079341675074462,9.912716229533448,80.42,Polygon(7 Points)
486.0,2.0,4.999128509202946,98.36035298282256,84.68,Polygon(7 Points)
487.0,2.0,1.5067917651196954,30.090443200469675,92.53,Polygon(7 Points)
488.0,906.0,0.2604174410000923,6.1789246226091885,192.72,Polygon(7 Points)
489.0,2.0,0.909874608092349,21.084638027650023,177.95,Polygon(7 Points)
490.0,2.0,8.164580799995019,183.9786226018877,160.9,Polygon(7 Points)
491.0,2.0,1.1207126223981148,24.541925361585115,143.96,Polygon(7 Points)
492.0,2.0,1.2364590361599463,26.299947371260618,127.21,Polygon(7 Points)
493.0,2.0,0.42811383186178953,8.841888483670523,110.75,Polygon(7 Points)
494.0,2.0,1.4876702091379979,29.835226044262544,94.8,Polygon(7 Points)
495.0,2.0,13.063240680836895,254.58623181865997,79.7,Polygon(7 Points)
496.0,906.0,0.21328941844339686,5.29051071860193,221.45,Polygon(7 Points)
497.0,906.0,0.7221705070455409,17.67088040821072,212.51,Polygon(7 Points)
498.0,906.0,1.4994417852606154,36.248068007559596,204.65,Polygon(7 Points)
499.0,906.0,0.25138516898137914,6.014484437317865,198.01,Polygon(7 Points)
500.0,2.0,6.178148099832178,128.1262966368821,113.03,Polygon(7 Points)
501.0,2.0,5.592899376632642,119.60904695624359,130.29,Polygon(7 Points)
502.0,2.0,6.827165629595674,150.53900213258459,148.0,Polygon(7 Points)
503.0,2.0,4.515470819689798,102.61746098056543,166.02,Polygon(7 Points)
504.0,2.0,1.7170688067002275,40.198727100860694,184.3,Polygon(7 Points)
505.0,2.0,578.1766395260428,10972.419448685418,66.07,Polygon(7 Points)
506.0,2.0,762.7323165260952,14161.364896321309,55.11,Polygon(7 Points)
507.0,2.0,8.858168901928213,162.3436614656383,48.72,Polygon(7 Points)
508.0,2.0,3.7790186408702398,69.27082881914183,48.81,Polygon(7 Points)
509.0,2.0,0.5837654053426489,10.845339641807067,55.42,Polygon(7 Points)
510.0,2.0,0.5483283273160631,10.4187180062916,66.69,Polygon(7 Points)
511.0,2.0,1.6097997029336435,31.43516247407385,80.73,Polygon(7 Points)
512.0,2.0,1.4744049619568782,29.657102907901876,96.39,Polygon(7 Points)
513.0,2.0,2.638056387477835,54.70273725074039,112.96,Polygon(7 Points)
514.0,2.0,3.8876207072548365,82.93461254786743,128.88,Polygon(7 Points)
515.0,2.0,5.1129606167228,112.26719362161379,145.53,Polygon(7 Points)
516.0,2.0,67.37354105712892,1522.776774973228,162.72,Polygon(7 Points)
517.0,2.0,9.033377429469919,210.13442576432917,180.32,Polygon(7 Points)
518.0,2.0,3.6698357885973905,87.83247357586923,198.23,Polygon(7 Points)
519.0,2.0,3.1083843973452203,61.06926261049254,83.91,Polygon(7 Points)
520.0,2.0,28.737431506758814,553.278176620689,73.41,Polygon(7 Points)
521.0,2.0,29.89433588356524,567.6037554212533,66.32,Polygon(7 Points)
522.0,2.0,1.7685433269812056,33.4155208237305,63.85,Polygon(7 Points)
523.0,2.0,1.7419962496489019,33.091614006924154,66.57,Polygon(7 Points)
524.0,2.0,1.671779374884822,32.221039781842606,73.96,Polygon(7 Points)
525.0,2.0,0.4955323141097201,9.752819240150455,84.84,Polygon(7 Points)
526.0,2.0,2.870050828866941,57.915114432059596,98.11,Polygon(7 Points)
527.0,992.0,1.6596957675922392,39.18043798554998,189.52,Polygon(7 Points)
528.0,992.0,2.638763704097749,62.530783496004375,191.92,Polygon(7 Points)
529.0,992.0,1.5865966660898763,37.859369646236615,196.32,Polygon(7 Points)
530.0,992.0,0.24365161197957297,5.871577458386742,202.62,Polygon(7 Points)
531.0,992.0,3.3690444128611774,82.20510480436435,210.67,Polygon(7 Points)
532.0,992.0,2.1679807357538645,53.681912993185364,220.3,Polygon(7 Points)
533.0,992.0,0.19808490566535383,4.986688457672449,231.32,Polygon(7 Points)
534.0,992.0,0.7867044027272401,18.88503586356808,200.14,Polygon(7 Points)
535.0,992.0,1.6049159988267299,38.192988482079095,194.6,Polygon(7 Points)
536.0,992.0,3.853093928994393,91.16083090281947,190.91,Polygon(7 Points)
537.0,992.0,5.280615966070567,124.59415348844774,189.19,Polygon(7 Points)
538.0,639.0,33.8460405177993,647.3943707592708,70.07,Polygon(7 Points)
539.0,639.0,49.127652212881756,974.9382581646382,89.2,Polygon(7 Points)
540.0,639.0,63.87554599088967,1314.0078099083375,108.57,Polygon(7 Points)
541.0,639.0,24.371362595009746,519.1922766224657,128.09,Polygon(7 Points)
542.0,639.0,3.478804333655228,76.67371721484464,147.74,Polygon(7 Points)
543.0,992.0,2.025162461442232,45.41047101822684,157.95,Polygon(7 Points)
544.0,992.0,4.5961203375057895,103.95562430874814,163.15,Polygon(7 Points)
545.0,992.0,7.691137935906357,176.09629418051196,170.56,Polygon(7 Points)
546.0,639.0,12.48576614540376,247.1151621082948,87.78,Polygon(7 Points)
547.0,639.0,10.712586748730047,204.55684396700022,69.2,Polygon(7 Points)
548.0,639.0,11.861201766612421,218.33655416913894,50.87,Polygon(7 Points)
549.0,639.0,131.75205615103766,2338.8295627791827,33.38,Polygon(7 Points)
550.0,639.0,391.2872473374536,6739.873924481721,19.33,Polygon(7 Points)
551.0,639.0,27.778900643750347,478.5297595769849,19.37,Polygon(7 Points)
552.0,639.0,60.13435393372029,1067.8959243319719,33.56,Polygon(7 Points)
553.0,639.0,127.64412082003054,2351.8269705939597,51.33,Polygon(7 Points)
554.0,906.0,2.3292157867215826,50.1800426051831,134.5,Polygon(7 Points)
555.0,906.0,1.2255921064796482,26.13866245193139,128.73,Polygon(7 Points)
556.0,906.0,28.31841317898231,600.2193867334722,125.21,Polygon(7 Points)
557.0,906.0,3.9952383749312985,84.52476127443714,124.17,Polygon(7 Points)
558.0,992.0,1.7659777863825028,41.05434784170393,179.93,Polygon(7 Points)
559.0,992.0,5.218202713602797,123.47572171062617,191.0,Polygon(7 Points)
560.0,906.0,0.35746823035231645,7.799599318057192,141.84,Polygon(7 Points)
561.0,906.0,1.1483879911469552,24.970548479499396,139.84,Polygon(7 Points)
562.0,992.0,4.061198808175393,94.8538670135955,182.83,Polygon(7 Points)
563.0,992.0,3.8612171628952616,91.30668490312962,190.59,Polygon(7 Points)
564.0,992.0,1.5467306076494203,37.12733482336476,200.1,Polygon(7 Points)
565.0,992.0,4.550301004866696,111.10811236158375,211.14,Polygon(7 Points)
566.0,1076.0,17.723276577955136,379.2404568055117,130.61,Polygon(7 Points)
567.0,1076.0,29.72925053403504,620.7133057438007,116.77,Polygon(7 Points)
568.0,1076.0,17.29073960618793,352.9450608688604,104.33,Polygon(7 Points)
569.0,1076.0,6.885572363257674,137.85776567787266,93.9,Polygon(7 Points)
570.0,1076.0,7.187743474463059,141.8456251288569,86.25,Polygon(7 Points)
571.0,1076.0,3.1380836368400353,61.45269959978382,82.21,Polygon(7 Points)
572.0,1076.0,3.135452681317727,61.41881484799229,82.36,Polygon(7 Points)
573.0,1076.0,9.7144367727941,191.879555136229,86.72,Polygon(7 Points)
574.0,906.0,2.253625849610866,49.02565843566597,140.11,Polygon(7 Points)
575.0,906.0,43.98454345828402,961.0182900200473,142.64,Polygon(7 Points)
576.0,906.0,3.4867114452898287,76.79830629395377,147.36,Polygon(7 Points)
577.0,906.0,4.857365663222741,108.21239224527623,154.08,Polygon(7 Points)
578.0,906.0,8.08139458109169,182.6102224773157,162.57,Polygon(7 Points)
579.0,906.0,2.9879824831273933,68.64142759364404,172.6,Polygon(7 Points)
580.0,1076.0,3.2117189361398943,72.37809355024758,160.95,Polygon(7 Points)
581.0,1076.0,6.932245407810832,152.190515683079,145.44,Polygon(7 Points)
582.0,906.0,1.1136062508415812,24.430989934869377,145.03,Polygon(7 Points)
583.0,906.0,0.3742196571151452,8.055920113632009,134.06,Polygon(7 Points)
584.0,906.0,0.39548497010367895,8.372812302064986,124.56,Polygon(7 Points)
585.0,906.0,6.041756504456877,126.18132937601877,116.93,Polygon(7 Points)
586.0,906.0,2.658770341717321,54.995667479544636,111.59,Polygon(7 Points)
587.0,906.0,4.360580918323678,89.75874269538939,108.91,Polygon(7 Points)
588.0,906.0,4.355371796465796,89.68581603282365,109.12,Polygon(7 Points)
589.0,906.0,116.2043738570086,2406.4328015645947,112.23,Polygon(7 Points)
590.0,992.0,0.951115241798878,21.789574631991393,170.92,Polygon(7 Points)
591.0,992.0,0.877423950200677,20.519217143405477,183.62,Polygon(7 Points)
592.0,906.0,0.2513006134313543,6.012932602725371,198.06,Polygon(7 Points)
593.0,906.0,0.8761223984668952,20.496335935633976,183.85,Polygon(7 Points)
594.0,906.0,0.32609530319500457,7.3024151720973345,157.16,Polygon(7 Points)
595.0,1076.0,34.7124381312871,743.566459100768,131.22,Polygon(7 Points)
596.0,1076.0,2.487686377173243,52.53807052111601,123.18,Polygon(7 Points)
597.0,1076.0,2.569629490954037,53.72613460055338,117.55,Polygon(7 Points)
598.0,1076.0,2.611642938745359,54.327396411780946,114.72,Polygon(7 Points)
599.0,1076.0,4.213306672127856,87.67838518364667,114.93,Polygon(7 Points)
600.0,639.0,23.86793396450768,489.10766978418246,106.46,Polygon(7 Points)
601.0,639.0,26.519964499654055,524.8765073860282,87.78,Polygon(7 Points)
602.0,639.0,29.419147005928227,561.7586120781996,69.2,Polygon(7 Points)
603.0,906.0,65.63653551931272,1373.5429605448976,118.04,Polygon(7 Points)
604.0,906.0,2.444463054085359,51.902978469512654,126.21,Polygon(7 Points)
605.0,906.0,1.1722968396380011,25.33655852088621,136.34,Polygon(7 Points)
606.0,906.0,1.093660528348038,24.11767538626302,148.06,Polygon(7 Points)
607.0,906.0,10.190330341424575,229.68367693924648,161.05,Polygon(7 Points)
608.0,1076.0,38.28737450296737,869.4775594315117,165.58,Polygon(7 Points)
609.0,1076.0,37.63174605557754,836.5537148154884,152.8,Polygon(7 Points)
610.0,1076.0,16.652206924690944,362.95358365642926,141.23,Polygon(7 Points)
611.0,1076.0,85.06223936228595,1833.2613827359858,134.72,Polygon(7 Points)
612.0,1076.0,12.787082838748416,269.8569978435917,122.77,Polygon(7 Points)
613.0,1076.0,8.39350474384674,173.92810692580616,112.58,Polygon(7 Points)
614.0,1076.0,4.466385351115097,91.22982888370805,104.69,Polygon(7 Points)
615.0,1076.0,2.8444010557095636,57.567121866241926,99.7,Polygon(7 Points)
616.0,1076.0,2.870374750666147,57.91949810947301,98.09,Polygon(7 Points)
617.0,1076.0,4.584734160021114,92.85290166759759,100.07,Polygon(7 Points)
618.0,639.0,6.81691107897854,136.93810975452092,95.68,Polygon(7 Points)
619.0,906.0,12.573022220075918,266.71623523780306,125.69,Polygon(7 Points)
620.0,906.0,14.94800037049545,319.34534291517224,129.7,Polygon(7 Points)
621.0,906.0,2.3084128257865446,49.864314001418364,136.03,Polygon(7 Points)
622.0,906.0,2.19746356977705,48.15494198514805,144.37,Polygon(7 Points)
623.0,906.0,1.052436946461348,23.460792855898056,154.45,Polygon(7 Points)
624.0,906.0,3.1144002476346966,70.76890612703414,165.95,Polygon(7 Points)
625.0,1076.0,14.676289618840372,331.4328139260698,162.21,Polygon(7 Points)
626.0,1076.0,64.10914943879476,1413.558663263345,147.98,Polygon(7 Points)
627.0,639.0,52.36632905585673,1016.8035570687018,77.79,Polygon(7 Points)
628.0,639.0,133.74307337940482,2695.3074399309726,97.41,Polygon(7 Points)
629.0,639.0,25.967201451523856,542.4872973241477,117.1,Polygon(7 Points)
630.0,639.0,3.7106763480818095,80.26888692716216,136.85,Polygon(7 Points)
631.0,992.0,9.30109595779272,202.01631629227364,139.19,Polygon(7 Points)
632.0,992.0,7.008079049051206,153.37443801812907,143.61,Polygon(7 Points)
633.0,992.0,18.460179908981917,408.83991196671116,150.59,Polygon(7 Points)
634.0,992.0,8.219688088657959,184.88133433413913,159.8,Polygon(7 Points)
635.0,639.0,47.31812134584921,916.8122601365011,76.68,Polygon(7 Points)
636.0,639.0,14.771651567181916,275.65009698228994,57.62,Polygon(7 Points)
637.0,639.0,128.06911467009658,2297.944124525543,38.48,Polygon(7 Points)
638.0,639.0,620.2975985446343,10683.15292813478,19.27,Polygon(7 Points)
639.0,639.0,147.92909184059835,2440.8300153698724,0.0,Polygon(7 Points)
640.0,639.0,65.09321782550525,1121.2469503487841,19.34,Polygon(7 Points)
641.0,639.0,324.96165880146657,5834.199141292131,38.76,Polygon(7 Points)
642.0,639.0,225.56633775734545,4214.481454658242,58.24,Polygon(7 Points)
643.0,1076.0,2.2326732684647554,48.70213925749738,141.69,Polygon(7 Points)
644.0,1076.0,2.314109282704375,49.950916658154945,135.61,Polygon(7 Points)
645.0,1076.0,2.364896354417482,50.71815844092591,131.9,Polygon(7 Points)
646.0,1076.0,2.38025706858811,50.94850995672777,130.79,Polygon(7 Points)
647.0,639.0,4.108526228195995,86.17428337329689,119.32,Polygon(7 Points)
648.0,639.0,4.553221533787899,92.42299815090195,101.29,Polygon(7 Points)
649.0,639.0,7.295179145948711,143.24084253070293,83.6,Polygon(7 Points)
650.0,639.0,8.02151514178044,152.38271776961753,66.58,Polygon(7 Points)
651.0,906.0,4.381220903680021,90.04723323333548,108.08,Polygon(7 Points)
652.0,906.0,1.3016376261077607,27.251898863708394,118.31,Polygon(7 Points)
653.0,906.0,1.214375690121413,25.97139749374286,130.31,Polygon(7 Points)
654.0,906.0,2.2066204057803334,48.29767995906778,143.67,Polygon(7 Points)
655.0,906.0,23.309836052122336,522.7755205999607,158.06,Polygon(7 Points)
656.0,1076.0,5.934455943484576,135.95986927921746,170.94,Polygon(7 Points)
657.0,1076.0,12.504925440367552,281.21076330298547,159.68,Polygon(7 Points)
658.0,1076.0,6.753162120159218,149.3681280642116,149.82,Polygon(7 Points)
659.0,992.0,88.4108330519339,1806.365935500587,104.84,Polygon(7 Points)
660.0,992.0,108.62246942966426,2212.43603515208,103.15,Polygon(7 Points)
661.0,992.0,44.88575419525194,917.706076679749,105.21,Polygon(7 Points)
662.0,992.0,19.857693688451377,410.2127895808954,110.87,Polygon(7 Points)
663.0,992.0,5.948446349326802,124.83706931014692,119.64,Polygon(7 Points)
664.0,992.0,3.841274677352724,82.24265116079113,130.94,Polygon(7 Points)
665.0,992.0,25.33556639329301,555.0389207610666,144.2,Polygon(7 Points)
666.0,992.0,0.3225609287312898,7.244920059885224,158.95,Polygon(7 Points)
667.0,639.0,43.00957899948607,791.8493589595378,50.96,Polygon(7 Points)
668.0,639.0,136.9715490200296,2458.450969029629,38.63,Polygon(7 Points)
669.0,639.0,30.597470576934075,543.3422331375508,33.54,Polygon(7 Points)
670.0,639.0,16.401714226539564,294.47432700901294,38.77,Polygon(7 Points)
671.0,639.0,6.019135509980818,110.90181937945783,51.33,Polygon(7 Points)
672.0,639.0,13.998707171121497,266.3026560314334,67.29,Polygon(7 Points)
673.0,639.0,26.966445748510232,530.6996523306814,84.8,Polygon(7 Points)
674.0,639.0,28.12047184848641,572.7296501381227,103.12,Polygon(7 Points)
675.0,639.0,69.28673935397039,1425.323497777783,108.57,Polygon(7 Points)
676.0,992.0,25.444249876968946,534.9399094133951,120.64,Polygon(7 Points)
677.0,992.0,21.982825697325087,462.34004221292895,120.85,Polygon(7 Points)
678.0,992.0,10.147405764736325,214.72037440754124,124.27,Polygon(7 Points)
679.0,992.0,12.213782186291168,261.38104567772405,130.68,Polygon(7 Points)
680.0,992.0,16.802420913493396,365.2699285410472,139.71,Polygon(7 Points)
681.0,992.0,6.709519929254374,148.6745747323654,150.9,Polygon(7 Points)
682.0,992.0,3.155226067570373,71.44693907406352,163.84,Polygon(7 Points)
683.0,639.0,43.031075105158855,792.0998938825998,50.87,Polygon(7 Points)
684.0,639.0,729.2280013507122,12945.073172977505,33.38,Polygon(7 Points)
685.0,639.0,254.60841973374195,4385.598203861238,19.33,Polygon(7 Points)
686.0,639.0,88.1925122088188,1519.2372875011906,19.37,Polygon(7 Points)
687.0,639.0,41.45777221678792,736.2278479118281,33.56,Polygon(7 Points)
688.0,639.0,103.15064230629413,1900.537690663181,51.33,Polygon(7 Points)
689.0,639.0,72.79951089742812,1392.481744629418,70.07,Polygon(7 Points)
690.0,639.0,22.44533226675294,445.4276188337121,89.2,Polygon(7 Points)
691.0,906.0,2.420896194155516,51.55419490263877,127.88,Polygon(7 Points)
692.0,906.0,1.3149253248028743,27.44282025996718,116.54,Polygon(7 Points)
693.0,906.0,1.389522437809551,28.495805083684093,106.87,Polygon(7 Points)
694.0,906.0,1.4497409716221614,29.32354819775855,99.38,Polygon(7 Points)
695.0,906.0,1.4889270733218307,29.852057240681873,94.65,Polygon(7 Points)
696.0,906.0,1.5017164975528878,30.022879362763906,93.13,Polygon(7 Points)
697.0,906.0,4.717477103577268,94.6461534444328,95.01,Polygon(7 Points)
698.0,906.0,78.54250064830445,1590.8685328188253,100.13,Polygon(7 Points)
699.0,906.0,0.882073529404962,20.600827279252883,182.8,Polygon(7 Points)
700.0,906.0,1.9022725992951095,43.38108884285005,168.13,Polygon(7 Points)
701.0,906.0,3.3511896551149185,74.64272278320212,153.96,Polygon(7 Points)
702.0,906.0,1.1441235811894612,24.90485306898925,140.47,Polygon(7 Points)
703.0,992.0,111.964364687373,2211.016291663898,86.6,Polygon(7 Points)
704.0,992.0,30.07924480144801,599.1559970112432,91.18,Polygon(7 Points)
705.0,992.0,4.5964054328915465,93.01171123863512,99.62,Polygon(7 Points)
706.0,992.0,6.247652655509866,129.1085230826933,111.07,Polygon(7 Points)
707.0,992.0,7.826116463685003,165.7454075261528,124.76,Polygon(7 Points)
708.0,992.0,22.724515659313603,494.2923023635598,140.04,Polygon(7 Points)
709.0,639.0,60.71963005619032,1118.4100459124834,51.18,Polygon(7 Points)
710.0,639.0,19.11593086706602,352.16562588988205,51.27,Polygon(7 Points)
711.0,639.0,5.7938412995094355,108.24344007808502,58.2,Polygon(7 Points)
712.0,639.0,7.86899327451075,150.50334899245195,70.03,Polygon(7 Points)
713.0,639.0,26.96946522433901,530.7388485160734,84.78,Polygon(7 Points)
714.0,992.0,85.24906605703259,1722.2655692837147,98.74,Polygon(7 Points)
715.0,992.0,224.33777064790044,4464.602058106528,90.7,Polygon(7 Points)
716.0,992.0,714.2787657676334,14101.202108938895,86.45,Polygon(7 Points)
717.0,906.0,9.997387707747253,195.54515454314586,81.59,Polygon(7 Points)
718.0,906.0,5.384408821026646,103.25546185862274,71.38,Polygon(7 Points)
719.0,906.0,14.218395022108124,268.98892892637474,64.49,Polygon(7 Points)
720.0,906.0,3.5103427035407706,66.09404880077946,62.09,Polygon(7 Points)
721.0,906.0,3.4592060640884155,65.47369037727546,64.73,Polygon(7 Points)
722.0,906.0,3.3235380827547663,63.80196057464325,71.92,Polygon(7 Points)
723.0,906.0,1.5938613195119955,31.23031792718298,82.51,Polygon(7 Points)
724.0,906.0,1.4824851189067345,29.765706838689137,95.42,Polygon(7 Points)
725.0,906.0,19.001414243552237,434.3580785469214,169.58,Polygon(7 Points)
726.0,906.0,2.0792756007939532,46.284674873673396,153.6,Polygon(7 Points)
727.0,906.0,5.349817925142361,115.93322934679753,137.88,Polygon(7 Points)
728.0,906.0,1.2701777224275657,26.795669232331917,122.56,Polygon(7 Points)
729.0,906.0,1.3819613945369746,28.390496653844657,107.83,Polygon(7 Points)
730.0,906.0,1.494384359396939,29.92504679692371,94.0,Polygon(7 Points)
731.0,906.0,2.8550237297116365,57.71144967239101,99.04,Polygon(7 Points)
732.0,906.0,1.5357560865741202,30.47362408686862,89.14,Polygon(7 Points)
733.0,906.0,3.1438788843834278,61.52728170682587,81.88,Polygon(7 Points)
734.0,906.0,3.2118655093398725,62.39650976675703,78.05,Polygon(7 Points)
735.0,906.0,3.2093565572558207,62.36461779016477,78.19,Polygon(7 Points)
736.0,906.0,3.135803358238248,61.42333223033124,82.34,Polygon(7 Points)
737.0,906.0,9.538429978181412,189.56914199387194,89.98,Polygon(7 Points)
738.0,906.0,4.577485056102134,92.75415187742955,100.35,Polygon(7 Points)
739.0,906.0,0.27669231652695764,6.468789668083742,183.44,Polygon(7 Points)
740.0,906.0,1.9045198360068616,43.41876709132542,167.94,Polygon(7 Points)
741.0,906.0,1.0631667248069991,23.633000229894186,152.77,Polygon(7 Points)
742.0,906.0,1.1605692900614013,25.15751542949974,138.05,Polygon(7 Points)
743.0,906.0,1.2598040962546855,26.64391178271441,123.98,Polygon(7 Points)
744.0,906.0,2.670015324021679,55.154172796400324,110.85,Polygon(7 Points)
745.0,1076.0,3.4442074897768054,76.12688762060051,149.41,Polygon(7 Points)
746.0,1076.0,3.4879611212865496,76.81798374493465,147.3,Polygon(7 Points)
747.0,639.0,3.780959100810454,81.33551955674687,133.65,Polygon(7 Points)
748.0,639.0,4.178937475339542,87.18726201674656,116.36,Polygon(7 Points)
749.0,639.0,2.8460083337285385,57.58897863299698,99.6,Polygon(7 Points)
750.0,639.0,3.1116908924670823,61.11205328260724,83.72,Polygon(7 Points)
751.0,639.0,7.896197425127932,150.84007238754074,69.41,Polygon(7 Points)
752.0,639.0,22.422562068912242,418.64885356840176,57.89,Polygon(7 Points)
753.0,906.0,6.188391080461354,128.27142321803282,112.74,Polygon(7 Points)
754.0,906.0,3.940111078889446,83.71307752373973,126.57,Polygon(7 Points)
755.0,906.0,9.17721579511134,200.10689610845392,141.46,Polygon(7 Points)
756.0,906.0,6.461635810279508,144.69137217720757,157.13,Polygon(7 Points)
757.0,906.0,4.312867374592381,99.20349713353033,173.38,Polygon(7 Points)
758.0,1076.0,3.0674321918853185,69.98346545786355,168.4,Polygon(7 Points)
759.0,1076.0,3.2266871886694597,72.62345189128209,160.19,Polygon(7 Points)
760.0,1076.0,2.0770167325324174,46.24841232911619,153.78,Polygon(7 Points)
761.0,906.0,86.9078087907799,1608.598359860743,53.58,Polygon(7 Points)
762.0,906.0,49.64351186778345,907.3034392125606,47.37,Polygon(7 Points)
763.0,906.0,6.14986253774309,112.41794972430925,47.46,Polygon(7 Points)
764.0,906.0,3.6739229100086597,68.04426697590662,53.89,Polygon(7 Points)
765.0,906.0,3.4568988588411056,65.44557708322243,64.85,Polygon(7 Points)
766.0,906.0,3.20344980572471,62.28947974741413,78.52,Polygon(7 Points)
767.0,906.0,2.9414311011018013,58.87458188299074,93.75,Polygon(7 Points)
768.0,906.0,27.053540578330157,557.9082588840413,109.93,Polygon(7 Points)
769.0,906.0,2.043958781531478,45.71543760258073,156.43,Polygon(7 Points)
770.0,906.0,1.147507063391476,24.95698768331828,139.97,Polygon(7 Points)
771.0,906.0,2.4805121470292275,52.43306576390379,123.68,Polygon(7 Points)
772.0,906.0,13.940390078702242,286.3129590826662,107.69,Polygon(7 Points)
773.0,906.0,1.509759389536669,30.12989069713591,92.18,Polygon(7 Points)
774.0,906.0,3.22191958028499,62.52416863506298,77.49,Polygon(7 Points)
775.0,906.0,21.645201938371308,409.28912345266303,64.24,Polygon(7 Points)
776.0,639.0,3.448750981314092,76.19885965051688,149.19,Polygon(7 Points)
777.0,639.0,5.473687244588301,117.8170126743297,133.98,Polygon(7 Points)
778.0,639.0,8.054666013666644,169.0785147926316,119.77,Polygon(7 Points)
779.0,639.0,23.7934778599576,488.0726371565777,107.01,Polygon(7 Points)
780.0,639.0,4.683055005845401,94.1838461319355,96.31,Polygon(7 Points)
781.0,639.0,1.5415394134465352,30.549650018403387,88.47,Polygon(7 Points)
782.0,639.0,5.009212360394737,98.49113343008129,84.32,Polygon(7 Points)
783.0,639.0,7.259747365612831,142.78198878161106,84.47,Polygon(7 Points)
784.0,906.0,214.17069227740137,4551.635866288938,126.73,Polygon(7 Points)
785.0,906.0,6.993528588421186,153.14778579354135,143.96,Polygon(7 Points)
786.0,906.0,3.2009159077840894,72.20065944495485,161.5,Polygon(7 Points)
787.0,906.0,1.7733228236721843,41.181875934139136,179.28,Polygon(7 Points)
788.0,1076.0,1.651218195022119,39.028606062091555,190.3,Polygon(7 Points)
789.0,1076.0,2.760193135025477,64.69616689186213,185.04,Polygon(7 Points)
790.0,639.0,5.550189358208849,129.3561820507643,181.51,Polygon(7 Points)
791.0,639.0,3.1308044905758368,71.04186739677897,165.1,Polygon(7 Points)
792.0,1076.0,80.6077103255827,1826.580791941495,164.27,Polygon(7 Points)
793.0,639.0,5.0077979694968615,110.6116155755005,149.01,Polygon(7 Points)
794.0,639.0,2.3574513775665236,50.606229996531766,132.44,Polygon(7 Points)
795.0,639.0,2.5850039710696864,53.94677099774965,116.51,Polygon(7 Points)
796.0,639.0,4.546272874077363,92.32798266320009,101.56,Polygon(7 Points)
797.0,639.0,4.902873953260045,97.10448294053595,88.15,Polygon(7 Points)
798.0,639.0,5.214859129108324,101.12654823166862,77.12,Polygon(7 Points)
799.0,639.0,3.365437839871385,64.3223513942718,69.67,Polygon(7 Points)
800.0,906.0,2.684968704664468,55.36439031126942,109.87,Polygon(7 Points)
801.0,906.0,24.761680348109596,524.9630994301409,125.35,Polygon(7 Points)
802.0,906.0,11.458635434887244,249.89135389345032,141.55,Polygon(7 Points)
803.0,906.0,8.29625112173034,186.130542041581,158.28,Polygon(7 Points)
804.0,906.0,1.81743943614187,41.942640127352554,175.41,Polygon(7 Points)
805.0,1076.0,4.170319636518897,96.75506459692033,178.69,Polygon(7 Points)
806.0,1076.0,1.856637658736153,42.611226746238756,172.02,Polygon(7 Points)
807.0,1076.0,7.856150981340919,178.86982756204267,167.15,Polygon(7 Points)
808.0,992.0,10.565689687652029,202.7344537266671,71.68,Polygon(7 Points)
809.0,992.0,3.1838334350794333,62.03938235759905,79.62,Polygon(7 Points)
810.0,992.0,4.816137352094505,95.96093472331395,91.33,Polygon(7 Points)
811.0,992.0,4.443386713848627,90.91169216534288,105.6,Polygon(7 Points)
812.0,992.0,25.308291941307377,532.9641564554995,121.57,Polygon(7 Points)
813.0,992.0,3.6711479439946126,79.6643692781761,138.67,Polygon(7 Points)
814.0,639.0,3.4144816938289417,64.92679621836905,67.07,Polygon(7 Points)
815.0,639.0,7.873813300743693,150.56305793682088,69.92,Polygon(7 Points)
816.0,639.0,3.2186847237713643,62.48311953580207,77.67,Polygon(7 Points)
817.0,639.0,4.876816084273208,96.76212713208577,89.1,Polygon(7 Points)
818.0,992.0,15.37294924164152,305.7506658483529,90.37,Polygon(7 Points)
819.0,992.0,23.75466200190784,462.38746519988615,79.07,Polygon(7 Points)
820.0,992.0,85.36554210585486,1637.1937199698998,71.43,Polygon(7 Points)
821.0,992.0,123.6881199843067,2359.7837971205954,68.76,Polygon(7 Points)
822.0,639.0,3.3951231008833207,75.34626941635308,151.8,Polygon(7 Points)
823.0,639.0,2.279284498568116,49.41973140851622,138.19,Polygon(7 Points)
824.0,639.0,2.4484320647077618,51.96154343925239,125.93,Polygon(7 Points)
825.0,639.0,1.323011853767146,27.558502290451376,115.47,Polygon(7 Points)
826.0,639.0,2.723280403883191,55.90009603040929,107.38,Polygon(7 Points)
827.0,639.0,2.8035223052623133,57.00892519693283,102.26,Polygon(7 Points)
828.0,639.0,17.658732796663408,357.99328264515765,100.61,Polygon(7 Points)
829.0,639.0,45.54690904681753,926.8169721027973,102.63,Polygon(7 Points)
830.0,906.0,34.82797441331976,745.2968849610345,130.65,Polygon(7 Points)
831.0,906.0,24.683862309942317,544.806781491103,148.57,Polygon(7 Points)
832.0,906.0,3.100549089285508,70.53787934988148,166.67,Polygon(7 Points)
833.0,906.0,4.0072818388381695,93.90564079087395,184.9,Polygon(7 Points)
834.0,1076.0,17.46323207953537,421.1018296538859,203.03,Polygon(7 Points)
835.0,639.0,3.685913963231265,88.1274384253871,197.58,Polygon(7 Points)
836.0,639.0,2.8199213561437904,65.74505645781437,181.72,Polygon(7 Points)
837.0,639.0,1.9229170695362208,43.72641306735257,166.39,Polygon(7 Points)
838.0,992.0,10.726308257077953,204.72634176018624,68.97,Polygon(7 Points)
839.0,992.0,4.9367988746421965,97.54867736349247,86.92,Polygon(7 Points)
840.0,992.0,6.4421912598929465,131.82655975118934,105.68,Polygon(7 Points)
841.0,992.0,5.769662460766882,122.22957802353876,124.93,Polygon(7 Points)
842.0,992.0,0.35187141043768744,7.71258147753106,144.5,Polygon(7 Points)
843.0,992.0,2.7783893220666376,56.66351373022276,103.85,Polygon(7 Points)
844.0,992.0,3.0772185033031856,60.6646702264319,85.71,Polygon(7 Points)
845.0,992.0,7.947336394123256,151.47126458674288,68.25,Polygon(7 Points)
846.0,992.0,5.988469057979671,110.54339601714351,52.25,Polygon(7 Points)
847.0,992.0,29.583964469454706,532.0676009831428,39.6,Polygon(7 Points)
848.0,992.0,16.806869247258557,298.98159875679426,34.38,Polygon(7 Points)
849.0,992.0,29.560962661101335,531.8091085138781,39.74,Polygon(7 Points)
850.0,992.0,60.2361168063541,1112.7568447929802,52.62,Polygon(7 Points)
851.0,992.0,10.559218559161117,202.65384248974001,71.79,Polygon(7 Points)
852.0,992.0,9.705186454118437,191.7587134053923,86.89,Polygon(7 Points)
853.0,992.0,17.34964236591035,353.7570391356162,103.73,Polygon(7 Points)
854.0,992.0,18.671057926171493,393.22648321861624,121.62,Polygon(7 Points)
855.0,992.0,2.252694482742942,49.0113106874175,140.18,Polygon(7 Points)
856.0,639.0,4.881196015144559,96.81974325939606,88.94,Polygon(7 Points)
857.0,639.0,4.660142454604492,93.87507464116655,97.18,Polygon(7 Points)
858.0,992.0,7.20467430804956,142.06627092756372,85.83,Polygon(7 Points)
859.0,992.0,13.700408391952092,262.6162782611337,71.16,Polygon(7 Points)
860.0,992.0,11.315605299793337,211.89178149194254,59.35,Polygon(7 Points)
861.0,992.0,80.28012114374476,1482.5831722372495,52.47,Polygon(7 Points)
862.0,992.0,18.979509434557787,350.57051876571677,52.56,Polygon(7 Points)
863.0,992.0,5.746723855457254,107.67995658211223,59.67,Polygon(7 Points)
864.0,906.0,684.1953271169797,12206.728831094031,35.76,Polygon(7 Points)
865.0,906.0,152.5274417144211,2694.2447304435345,31.04,Polygon(7 Points)
866.0,906.0,9.512485056447035,169.75861925672177,35.89,Polygon(7 Points)
867.0,906.0,3.805970277982177,69.5821758609244,47.53,Polygon(7 Points)
868.0,906.0,1.7836472641579513,33.59856351494332,62.32,Polygon(7 Points)
869.0,906.0,1.6295202248703988,31.687039222745447,78.55,Polygon(7 Points)
870.0,906.0,6.822673693251646,137.01549161051452,95.53,Polygon(7 Points)
871.0,906.0,73.0302415528841,1514.3003161594402,112.94,Polygon(7 Points)
872.0,906.0,0.31827234432818746,7.174733890104248,161.14,Polygon(7 Points)
873.0,906.0,2.199946236221083,48.19367221033621,144.18,Polygon(7 Points)
874.0,906.0,2.4294835786438758,51.68149311214918,127.27,Polygon(7 Points)
875.0,906.0,4.322995027192887,89.23148073066677,110.43,Polygon(7 Points)
876.0,906.0,4.751053356630222,95.09530234130179,93.75,Polygon(7 Points)
877.0,906.0,20.117933779809917,390.32312171242705,77.38,Polygon(7 Points)
878.0,906.0,11.173168341954687,210.17986632655231,61.63,Polygon(7 Points)
879.0,906.0,75.54889022627101,1380.2215627663015,47.18,Polygon(7 Points)
880.0,992.0,6.9818666933777465,139.13900313231508,91.43,Polygon(7 Points)
881.0,992.0,6.2405305505414805,129.00814787238753,111.27,Polygon(7 Points)
882.0,992.0,3.8338904611805567,82.13199764094814,131.27,Polygon(7 Points)
883.0,992.0,0.3376504455012486,7.488242755103941,151.4,Polygon(7 Points)
884.0,992.0,3.341726546229632,64.0283160573963,70.94,Polygon(7 Points)
885.0,992.0,8.691077476168696,160.3992667461158,52.15,Polygon(7 Points)
886.0,992.0,16.82182950790079,299.1467995963767,34.22,Polygon(7 Points)
887.0,992.0,38.714520912487835,667.5641627242559,19.82,Polygon(7 Points)
888.0,992.0,18.22398671668092,314.2612609374645,19.85,Polygon(7 Points)
889.0,992.0,47.153511724972795,838.860973587266,34.4,Polygon(7 Points)
890.0,992.0,18.974241328792726,350.5087882866219,52.61,Polygon(7 Points)
891.0,992.0,17.05354333610266,327.3065255569013,71.81,Polygon(7 Points)
892.0,906.0,51.69227166022168,887.640304347454,17.91,Polygon(7 Points)
893.0,906.0,2.0656685611852508,36.86366293434183,35.89,Polygon(7 Points)
894.0,906.0,1.8686331011169799,34.61222377371453,53.94,Polygon(7 Points)
895.0,906.0,0.5321816614965951,10.219085309472991,72.06,Polygon(7 Points)
896.0,906.0,3.000034897299125,59.652693897895794,90.24,Polygon(7 Points)
897.0,906.0,6.340141929813247,130.4064167656225,108.49,Polygon(7 Points)
898.0,906.0,43.875185843562164,932.5835282996051,126.81,Polygon(7 Points)
899.0,906.0,19.065841129711952,418.39273390110526,145.19,Polygon(7 Points)
900.0,906.0,2.7434659258300598,56.18069522914797,106.08,Polygon(7 Points)
901.0,906.0,4.891612562081853,96.95665259302442,88.56,Polygon(7 Points)
902.0,906.0,1.699669816937055,32.56928549087496,70.99,Polygon(7 Points)
903.0,906.0,8.633844124753363,159.72827476896842,53.34,Polygon(7 Points)
904.0,906.0,16.69046536510266,297.69322656014174,35.63,Polygon(7 Points)
905.0,906.0,14.253375960491034,244.72155688165577,17.85,Polygon(7 Points)
906.0,906.0,36.91253437075606,609.0568171174749,0.0,Polygon(7 Points)
907.0,906.0,23.012023101425118,395.1710902063352,17.93,Polygon(7 Points)
908.0,906.0,2.1216759874789544,37.480467156809475,31.08,Polygon(7 Points)
909.0,906.0,1.9362251103598584,35.399519636431705,47.54,Polygon(7 Points)
910.0,906.0,1.7582495135972829,33.29025672807255,64.9,Polygon(7 Points)
911.0,906.0,12.850347394456538,251.8539585839537,82.64,Polygon(7 Points)
912.0,906.0,8.98510599819284,182.1471919336151,100.59,Polygon(7 Points)
913.0,906.0,15.93050549932402,333.7580294031501,118.69,Polygon(7 Points)
914.0,906.0,7.291399440001639,157.7403126351354,136.9,Polygon(7 Points)
915.0,906.0,16.19405973284759,337.5429082990754,115.83,Polygon(7 Points)
916.0,906.0,98.07494674409968,1980.6112901287497,98.53,Polygon(7 Points)
917.0,906.0,3.1549698979400462,61.669802223796836,81.25,Polygon(7 Points)
918.0,906.0,5.608535949455503,106.01184544961424,64.05,Polygon(7 Points)
919.0,906.0,12.112084762761985,221.2423682978011,47.1,Polygon(7 Points)
920.0,906.0,395.0576550784071,6976.224366615822,30.9,Polygon(7 Points)
921.0,906.0,589.5550266393996,10123.396751181792,17.9,Polygon(7 Points)
922.0,639.0,2.1910703680696444,48.055103080095456,144.86,Polygon(7 Points)
923.0,639.0,1.1843916341631087,25.520234590266778,134.59,Polygon(7 Points)
924.0,639.0,5.722410567599399,121.53327093599695,126.35,Polygon(7 Points)
925.0,639.0,8.017667329074857,168.54239154973095,120.57,Polygon(7 Points)
926.0,639.0,19.10011473038919,399.43353681360514,117.67,Polygon(7 Points)
927.0,639.0,10.527918504633053,220.24931907617577,117.88,Polygon(7 Points)
928.0,992.0,4.3546280650576445,89.67540007224022,109.15,Polygon(7 Points)
929.0,992.0,3.0040798756442944,59.706087528430345,90.0,Polygon(7 Points)
930.0,906.0,2.0590074393839224,45.95859030262868,155.22,Polygon(7 Points)
931.0,906.0,2.968887021865952,68.31631703840196,173.62,Polygon(7 Points)
932.0,906.0,3.822716722722692,90.61415503500899,192.11,Polygon(7 Points)
933.0,906.0,3.3688077128755394,82.2005925980196,210.68,Polygon(7 Points)
934.0,639.0,2.521715732521561,60.40013522535642,198.72,Polygon(7 Points)
935.0,639.0,2.7802583325127026,65.0497042057997,183.92,Polygon(7 Points)
936.0,639.0,3.0398523031322657,69.51952226494544,169.85,Polygon(7 Points)
937.0,639.0,4.780012912710559,106.96414145256642,156.73,Polygon(7 Points)
938.0,906.0,6.147131554064965,112.38646942008124,47.54,Polygon(7 Points)
939.0,906.0,1.7582495135972829,33.29025672807255,64.9,Polygon(7 Points)
940.0,906.0,1.5927029870521583,31.215385843235243,82.64,Polygon(7 Points)
941.0,906.0,11.617192548558272,235.50517949344177,100.59,Polygon(7 Points)
942.0,906.0,41.56157645185873,870.7513930458356,118.69,Polygon(7 Points)
943.0,906.0,26.45235812509351,572.2637025887417,136.9,Polygon(7 Points)
944.0,906.0,3.325746505688089,74.23315631683738,155.22,Polygon(7 Points)
945.0,906.0,4.306360265297158,99.09257947468657,173.62,Polygon(7 Points)
946.0,906.0,1.4567154485266585,29.418186393564806,98.53,Polygon(7 Points)
947.0,906.0,5.0959651300554425,99.61019340155244,81.25,Polygon(7 Points)
948.0,906.0,17.805991732334263,336.5666299756157,64.05,Polygon(7 Points)
949.0,906.0,49.71798781861854,908.1611949918408,47.1,Polygon(7 Points)
950.0,906.0,6.742652032681022,119.06680658210598,30.9,Polygon(7 Points)
951.0,906.0,4.488277764415277,77.06933956221582,17.9,Polygon(7 Points)
952.0,906.0,7.248333076538152,124.47109371521685,17.93,Polygon(7 Points)
953.0,906.0,2.1216759874789544,37.480467156809475,31.08,Polygon(7 Points)
954.0,639.0,1.0316430433810766,23.124536728147678,157.74,Polygon(7 Points)
955.0,639.0,1.0600932879843752,23.583762866127394,153.25,Polygon(7 Points)
956.0,992.0,3.4842130632064117,76.75895588896884,147.48,Polygon(7 Points)
957.0,992.0,2.4147168497415876,51.462445501692706,128.32,Polygon(7 Points)
958.0,992.0,4.3546280650576445,89.67540007224022,109.15,Polygon(7 Points)
959.0,992.0,4.8522448040407635,96.43836548031015,90.0,Polygon(7 Points)
960.0,992.0,13.7172025272974,262.82502972365,70.94,Polygon(7 Points)
961.0,992.0,5.991794818692027,110.58231825072303,52.15,Polygon(7 Points)
962.0,906.0,0.8301159692328336,19.67717269919124,192.11,Polygon(7 Points)
963.0,906.0,2.3225203842131306,56.670658634992485,210.68,Polygon(7 Points)
964.0,639.0,1.3492805636465366,33.37344278137435,219.58,Polygon(7 Points)
965.0,639.0,2.3936947358014784,58.01867221819818,206.35,Polygon(7 Points)
966.0,639.0,3.775142018068714,89.75400147958365,194.0,Polygon(7 Points)
967.0,639.0,4.064075837651254,94.90429896083208,182.72,Polygon(7 Points)
968.0,639.0,5.867886446722535,134.8308278011787,172.74,Polygon(7 Points)
969.0,639.0,1.9476672568155438,44.13803537395384,164.32,Polygon(7 Points)
970.0,639.0,3.3568620835838097,74.73382056682635,153.68,Polygon(7 Points)
971.0,639.0,2.1849508932625894,47.95939898825218,145.33,Polygon(7 Points)
972.0,639.0,2.2672298839866154,49.23488075691783,139.09,Polygon(7 Points)
973.0,639.0,5.431839014706468,117.18310000389312,135.29,Polygon(7 Points)
974.0,639.0,2.333994691059791,50.25236444519921,134.15,Polygon(7 Points)
975.0,992.0,2.5702194280900037,53.73461375079217,117.51,Polygon(7 Points)
976.0,992.0,2.8702127857657436,57.9173062507705,98.1,Polygon(7 Points)
977.0,992.0,1.6288835331157818,31.678934172919003,78.62,Polygon(7 Points)
978.0,906.0,6.209033515179689,140.55311555393322,163.65,Polygon(7 Points)
979.0,906.0,0.8856556398426009,20.66356385403266,182.17,Polygon(7 Points)
980.0,906.0,2.4871526149255185,59.76254660773782,200.76,Polygon(7 Points)
981.0,639.0,2.2363036118961084,55.013907466498715,216.01,Polygon(7 Points)
982.0,639.0,2.4718145978365778,59.47834773726738,201.67,Polygon(7 Points)
983.0,639.0,1.67573948413587,39.466806862932486,188.05,Polygon(7 Points)
984.0,639.0,5.772198731908811,133.19709336300326,175.35,Polygon(7 Points)
985.0,639.0,4.577771940100852,103.65220115373351,163.8,Polygon(7 Points)
986.0,992.0,21.14153140946787,427.98123377898906,99.83,Polygon(7 Points)
987.0,992.0,4.092488110175172,85.94225031367858,120.0,Polygon(7 Points)
988.0,992.0,1.1456113948849829,24.927787945575425,140.25,Polygon(7 Points)
989.0,992.0,5.765910005033058,107.90972648294432,59.07,Polygon(7 Points)
990.0,992.0,6.429614865343185,115.60045676957962,39.45,Polygon(7 Points)
991.0,992.0,10.406745601984502,179.42270092381477,19.76,Polygon(7 Points)
992.0,992.0,8.015682685531615,132.2587643112717,0.0,Polygon(7 Points)
993.0,992.0,18.226022198576466,314.28269203392813,19.83,Polygon(7 Points)
994.0,992.0,9.312154441168422,167.52100231939934,39.72,Polygon(7 Points)
995.0,992.0,5.746085392850007,107.67230287324574,59.69,Polygon(7 Points)
996.0,992.0,5.139714550237988,100.17046672686325,79.72,Polygon(7 Points)
997.0,1076.0,80.13533768412091,1527.1190964118714,68.18,Polygon(7 Points)
998.0,1076.0,159.4980173781238,3084.7315305972593,75.74,Polygon(7 Points)
999.0,1076.0,3.0569421766746,60.400209880052984,86.89,Polygon(7 Points)
1000.0,1076.0,0.4538361103137831,9.198180095298389,100.47,Polygon(7 Points)
1001.0,1076.0,0.4162455504754366,8.67356868872572,115.67,Polygon(7 Points)
1002.0,1076.0,0.37884182237634245,8.125588827238982,131.96,Polygon(7 Points)
1003.0,1076.0,0.3425285629462414,7.565728082286211,149.01,Polygon(7 Points)
1004.0,1076.0,1.3373193928424139,27.76224910063619,113.59,Polygon(7 Points)
1005.0,1076.0,21.238475655520993,429.2986180439596,99.02,Polygon(7 Points)
1006.0,1076.0,9.756982083468797,192.43451838673417,85.94,Polygon(7 Points)
1007.0,1076.0,3.2635218944898146,63.05001918083277,75.19,Polygon(7 Points)
1008.0,1076.0,25.276184554662272,481.4449657818603,67.93,Polygon(7 Points)
1009.0,1076.0,39.69434843027482,752.3071386247834,65.4,Polygon(7 Points)
1010.0,1076.0,7.345953366475909,143.8962075192133,82.36,Polygon(7 Points)
1011.0,1076.0,15.690936095653285,309.92736976134364,86.72,Polygon(7 Points)
1012.0,1076.0,0.4686922939965263,9.39892091765934,94.76,Polygon(7 Points)
1013.0,1076.0,1.3131924177763423,27.417980341700023,116.77,Polygon(7 Points)
1014.0,1076.0,1.4096978829435423,28.775281823349687,104.33,Polygon(7 Points)
1015.0,1076.0,0.5028777529801389,9.847792176890938,82.21,Polygon(7 Points)
1016.0,1076.0,10.766974327690109,205.22795178831015,68.29,Polygon(7 Points)
1017.0,1076.0,3.1300217930596377,61.34881839669302,82.67,Polygon(7 Points)
1018.0,1076.0,1.4553182136460414,29.399247063417093,98.7,Polygon(7 Points)
1019.0,1076.0,1.3210431469051063,27.530374051109057,115.73,Polygon(7 Points)
1020.0,1076.0,2.344123405361617,50.40539257006517,133.41,Polygon(7 Points)
1021.0,639.0,1.0722312441130495,23.777800069450997,151.36,Polygon(7 Points)
1022.0,639.0,2.073255768597228,46.187992012809055,154.08,Polygon(7 Points)
1023.0,639.0,1.0227561642937317,22.979796877433714,159.16,Polygon(7 Points)
1024.0,1076.0,9.163904305750618,184.57248759819964,97.1,Polygon(7 Points)
1025.0,1076.0,16.144353371683017,315.8017143476628,81.63,Polygon(7 Points)
1026.0,1076.0,25.31277441418639,481.8951070068749,67.67,Polygon(7 Points)
1027.0,1076.0,100.26504288312765,1866.584170833746,56.44,Polygon(7 Points)
1028.0,1076.0,214.78978904384718,3945.9569119717776,49.9,Polygon(7 Points)
1029.0,1076.0,27.925337594900263,513.1176063046942,49.99,Polygon(7 Points)
1030.0,1076.0,65.1296793966009,1213.2438090098058,56.75,Polygon(7 Points)
1031.0,639.0,3.3120712509627053,74.01237219182535,155.9,Polygon(7 Points)
1032.0,1076.0,0.28918760554818057,6.685981291823241,176.53,Polygon(7 Points)
1033.0,1076.0,2.0196206052422205,45.32028638163543,158.4,Polygon(7 Points)
1034.0,1076.0,4.045144120794519,85.25444620383507,122.02,Polygon(7 Points)
1035.0,1076.0,8.823836076447181,179.9367682504204,103.79,Polygon(7 Points)
1036.0,1076.0,12.639935500545311,249.1283887399354,85.59,Polygon(7 Points)
1037.0,1076.0,0.41467440847084713,8.651093012421986,116.33,Polygon(7 Points)
1038.0,1076.0,10.928080078660148,207.20459435145537,65.62,Polygon(7 Points)
1039.0,1076.0,1.5921686327778728,31.20849541323727,82.7,Polygon(7 Points)
1040.0,1076.0,2.8304510351737773,57.37713435314582,100.57,Polygon(7 Points)
1041.0,1076.0,1.297307417112918,27.18945533813395,118.89,Polygon(7 Points)
1042.0,639.0,7.40997125575301,159.54131236839717,134.15,Polygon(7 Points)
1043.0,639.0,33.80073779395357,729.8044049859241,135.77,Polygon(7 Points)
1044.0,639.0,5.280572619317885,114.87027640275416,140.09,Polygon(7 Points)
1045.0,639.0,16.10060177939326,354.35411941222134,146.9,Polygon(7 Points)
1046.0,1076.0,4.618782587237729,93.31557400125749,98.76,Polygon(7 Points)
1047.0,1076.0,16.15518636241749,315.94092149491286,81.51,Polygon(7 Points)
1048.0,1076.0,68.46372758320575,1296.3007760263654,64.91,Polygon(7 Points)
1049.0,1076.0,422.6738763525196,7761.718894164949,49.69,Polygon(7 Points)
1050.0,1076.0,408.4510945176069,7316.278117773,37.66,Polygon(7 Points)
1051.0,1076.0,114.39818278174926,2027.8507875349826,32.7,Polygon(7 Points)
1052.0,1076.0,87.09424150441754,1560.5110721554013,37.8,Polygon(7 Points)
1053.0,1076.0,19.245849007000093,353.67856147051475,50.05,Polygon(7 Points)
1054.0,1076.0,0.24303631366343068,5.860121974591848,202.99,Polygon(7 Points)
1055.0,1076.0,1.7106383612565732,40.085388719325266,184.88,Polygon(7 Points)
1056.0,1076.0,1.9192283945960487,43.66484501255334,166.7,Polygon(7 Points)
1057.0,1076.0,6.808814197806666,150.24925180122494,148.45,Polygon(7 Points)
1058.0,1076.0,7.585958267346105,162.18683951107624,130.13,Polygon(7 Points)
1059.0,1076.0,8.43384842988803,174.49843247649085,111.74,Polygon(7 Points)
1060.0,1076.0,12.105345545113172,242.08723971575262,93.29,Polygon(7 Points)
1061.0,1076.0,24.331454862152604,469.69136322713604,74.77,Polygon(7 Points)
1062.0,906.0,1.3686772904214735,33.75209523577744,217.61,Polygon(7 Points)
1063.0,906.0,4.355632911266782,107.35763999690363,217.28,Polygon(7 Points)
1064.0,906.0,0.21803428770595665,5.383511852033737,218.43,Polygon(7 Points)
1065.0,1076.0,0.21393095441848103,5.3031344290797255,221.04,Polygon(7 Points)
1066.0,1076.0,4.717742752495181,94.64971397193456,95.0,Polygon(7 Points)
1067.0,639.0,2.8035223052623133,57.00892519693283,102.26,Polygon(7 Points)
1068.0,639.0,4.570762667603953,92.66250021500144,100.61,Polygon(7 Points)
1069.0,639.0,2.7976563261858374,56.92845946043329,102.63,Polygon(7 Points)
1070.0,639.0,8.608107488728397,176.9450294979926,108.15,Polygon(7 Points)
1071.0,639.0,55.97475807203771,1168.585024269931,116.72,Polygon(7 Points)
1072.0,639.0,39.44287283244027,839.7634143981735,127.75,Polygon(7 Points)
1073.0,1076.0,462.39162083063684,8603.60529089045,56.18,Polygon(7 Points)
1074.0,1076.0,748.4412627810077,13402.337692619501,37.52,Polygon(7 Points)
1075.0,1076.0,453.71866828435697,7806.059543331753,18.79,Polygon(7 Points)
1076.0,1076.0,283.7736455280668,4682.265151213103,0.0,Polygon(7 Points)
1077.0,1076.0,603.9572229949355,10392.4429253796,18.86,Polygon(7 Points)
1078.0,1076.0,408.15611153043335,7312.984069804715,37.79,Polygon(7 Points)
1079.0,1076.0,78.377293856774,1460.139593066503,56.79,Polygon(7 Points)
1080.0,1076.0,5.2516423024805565,101.59170743091072,75.86,Polygon(7 Points)
1081.0,1076.0,1.554297171832816,30.716797858346027,87.0,Polygon(7 Points)
1082.0,1076.0,2.746426761253908,56.22175892628358,105.89,Polygon(7 Points)
1083.0,639.0,6.01615915105612,125.81368026635501,117.67,Polygon(7 Points)
1084.0,639.0,4.142658178254467,86.66648041817257,117.88,Polygon(7 Points)
1085.0,639.0,4.063841019929753,85.52658214518658,121.22,Polygon(7 Points)
1086.0,639.0,15.141244626846255,322.21893424833684,127.49,Polygon(7 Points)
1087.0,639.0,68.70602829192407,1484.7973891632346,136.29,Polygon(7 Points)
1088.0,639.0,0.3462149334157544,7.623912495014971,147.22,Polygon(7 Points)
1089.0,1076.0,29.703716094295086,565.2654302389471,67.47,Polygon(7 Points)
1090.0,1076.0,617.4077468845021,11335.606232799455,49.6,Polygon(7 Points)
1091.0,1076.0,495.7099665206349,8784.104534237278,32.54,Polygon(7 Points)
1092.0,1076.0,694.8512303370997,11956.218264006677,18.85,Polygon(7 Points)
1093.0,1076.0,751.6606669411404,12934.576756723141,18.88,Polygon(7 Points)
1094.0,1076.0,336.05871159845685,5957.312780505844,32.72,Polygon(7 Points)
1095.0,1076.0,43.225023510111946,794.3570633012046,50.06,Polygon(7 Points)
1096.0,1076.0,5.47660707044679,104.39713770450814,68.33,Polygon(7 Points)
1097.0,639.0,3.1012602728038408,60.976979483869115,84.32,Polygon(7 Points)
1098.0,639.0,5.005008500910035,98.43663031771071,84.47,Polygon(7 Points)
1099.0,639.0,4.881196015144559,96.81974325939606,88.94,Polygon(7 Points)
1100.0,639.0,11.84302394042299,238.56883501186576,97.18,Polygon(7 Points)
1101.0,639.0,27.296412517568427,561.3097788050183,108.36,Polygon(7 Points)
1102.0,639.0,1.2763464254592514,26.885599279086396,121.72,Polygon(7 Points)
1103.0,1076.0,181.4531580755269,3215.395324387854,32.54,Polygon(7 Points)
1104.0,1076.0,88.44905356603883,1521.9318085791342,18.85,Polygon(7 Points)
1105.0,1076.0,33.202151781047334,571.3426278482624,18.88,Polygon(7 Points)
1106.0,1076.0,41.65192561398442,738.3636853591015,32.72,Polygon(7 Points)
1107.0,1076.0,37.82669471167923,695.1506253902071,50.06,Polygon(7 Points)
1108.0,1076.0,34.175405317344165,651.4643919362081,68.33,Polygon(7 Points)
1109.0,1076.0,15.66633379667387,309.6059216567674,87.0,Polygon(7 Points)
1110.0,639.0,3.0299821137178777,60.04704928636824,88.47,Polygon(7 Points)
1111.0,1076.0,2.914828412790785,67.39046855017133,176.53,Polygon(7 Points)
1112.0,1076.0,8.29018906459224,186.03184260944982,158.4,Polygon(7 Points)
1113.0,1076.0,7.149747666483424,155.5686783196378,140.23,Polygon(7 Points)
1114.0,1076.0,15.628052547858472,329.37292848552806,122.02,Polygon(7 Points)
1115.0,1076.0,6.511614597013379,132.7856588141214,103.79,Polygon(7 Points)
1116.0,1076.0,12.639935500545311,249.1283887399354,85.59,Polygon(7 Points)
1117.0,1076.0,44.39864364178826,844.9117383336859,67.47,Polygon(7 Points)
1118.0,1076.0,585.5872339099506,10751.38161458669,49.6,Polygon(7 Points)
1119.0,906.0,1.5168151340230658,36.57249850210539,202.97,Polygon(7 Points)
1120.0,906.0,3.582917961872755,86.22784726466539,201.77,Polygon(7 Points)
1121.0,906.0,3.573651881948832,86.0557708497541,202.15,Polygon(7 Points)
1122.0,906.0,4.777797068228646,115.40529928452884,204.12,Polygon(7 Points)
1123.0,906.0,3.441370090158694,83.57754418085531,207.63,Polygon(7 Points)
1124.0,1076.0,1.6048091621576717,38.19104783988299,194.61,Polygon(7 Points)
1125.0,639.0,0.26640242406791104,6.286464502245539,189.27,Polygon(7 Points)
1126.0,639.0,2.3654623001553396,57.48605618395011,208.06,Polygon(7 Points)
1127.0,992.0,6.772307164250185,168.25204572702708,222.51,Polygon(7 Points)
1128.0,992.0,3.939720937613625,99.10515758102234,230.81,Polygon(7 Points)
1129.0,992.0,10.02551548867139,255.853661649766,240.54,Polygon(7 Points)
1130.0,1076.0,8.855641101047448,195.08755954579993,147.46,Polygon(7 Points)
1131.0,1076.0,9.799044547454164,209.56114181128626,130.29,Polygon(7 Points)
1132.0,1076.0,13.49089646845042,279.99006530622,113.44,Polygon(7 Points)
1133.0,1076.0,11.84836782536333,238.6409384625991,97.1,Polygon(7 Points)
1134.0,1076.0,74.34538293307669,1454.27932872678,81.63,Polygon(7 Points)
1135.0,1076.0,55.40382130164741,1054.7571735077754,67.67,Polygon(7 Points)
1136.0,1076.0,36.51016698526991,679.6915236812772,56.44,Polygon(7 Points)
1137.0,1076.0,19.261883332327987,353.8648741690305,49.9,Polygon(7 Points)
1138.0,906.0,1.8530313042231235,42.549999694310436,172.33,Polygon(7 Points)
1139.0,906.0,3.021869353589534,69.21591754396826,170.8,Polygon(7 Points)
1140.0,906.0,1.8671329229181066,42.78908519451424,171.12,Polygon(7 Points)
1141.0,906.0,4.3147664436008935,99.23585278218238,173.31,Polygon(7 Points)
1142.0,906.0,1.7955830839463671,41.56685060181643,177.32,Polygon(7 Points)
1143.0,906.0,1.7310871764116222,40.445120789681134,183.04,Polygon(7 Points)
1144.0,1076.0,1.7395752250722922,40.59385766467446,182.28,Polygon(7 Points)
1145.0,1076.0,1.9417896706346587,44.040517901120545,164.81,Polygon(7 Points)
1146.0,1076.0,0.9579714505842686,21.905334428353857,169.77,Polygon(7 Points)
1147.0,1076.0,2.100694520976658,46.62754076122814,151.9,Polygon(7 Points)
1148.0,1076.0,20.3589627747749,438.28011600431347,134.07,Polygon(7 Points)
1149.0,1076.0,22.561174732516637,470.67968771028677,116.33,Polygon(7 Points)
1150.0,1076.0,104.56422291163095,2112.5632775951353,98.76,Polygon(7 Points)
1151.0,1076.0,10.001859386444465,195.60261332342452,81.51,Polygon(7 Points)
1152.0,1076.0,227.5145832652388,4307.789558866938,64.91,Polygon(7 Points)
1153.0,1076.0,225.68456293043252,4144.33026080263,49.69,Polygon(7 Points)
1154.0,906.0,0.2669789019736578,6.296764147774212,188.94,Polygon(7 Points)
1155.0,906.0,2.729720835629903,64.15697001491407,186.75,Polygon(7 Points)
1156.0,906.0,2.7386106176365375,64.31455872355804,186.25,Polygon(7 Points)
1157.0,906.0,5.340663262198455,125.66447139371405,187.46,Polygon(7 Points)
1158.0,906.0,3.8670616547309287,91.41153692535701,190.36,Polygon(7 Points)
1159.0,906.0,0.8148360162244606,19.4005325647902,194.91,Polygon(7 Points)
1160.0,1076.0,1.680120325362026,39.544782083005344,187.65,Polygon(7 Points)
1161.0,639.0,3.4144816938289417,64.92679621836905,67.07,Polygon(7 Points)
1162.0,639.0,3.3607576572264044,64.26440792148331,69.92,Polygon(7 Points)
1163.0,639.0,5.198878483021487,100.92387841146501,77.67,Polygon(7 Points)
1164.0,639.0,12.393666116798842,245.90582783993503,89.1,Polygon(7 Points)
1165.0,639.0,14.313918743322581,291.48327356949227,103.03,Polygon(7 Points)
1166.0,639.0,0.40928421730097636,8.573634623493689,118.61,Polygon(7 Points)
1167.0,1076.0,79.65117320755482,1426.731727287024,37.66,Polygon(7 Points)
1168.0,1076.0,30.740764062248903,544.9184689584396,32.7,Polygon(7 Points)
1169.0,1076.0,29.881342563735206,535.3989553857255,37.8,Polygon(7 Points)
1170.0,1076.0,15.405784879965239,283.1101830160111,50.05,Polygon(7 Points)
1171.0,1076.0,10.928080078660148,207.20459435145537,65.62,Polygon(7 Points)
1172.0,1076.0,86.62505810328798,1697.9594201470736,82.7,Polygon(7 Points)
1173.0,639.0,20.147141873248522,390.6933752060354,77.12,Polygon(7 Points)
1174.0,639.0,5.4359168024238285,103.89463937592569,69.67,Polygon(7 Points)
1175.0,1076.0,69.94756841799322,1535.1567709618016,145.26,Polygon(7 Points)
1176.0,1076.0,9.866575553622686,210.56875549958272,129.11,Polygon(7 Points)
1177.0,1076.0,8.345209305915297,173.24341573731186,113.59,Polygon(7 Points)
1178.0,1076.0,14.642210789008661,295.9666672309293,99.02,Polygon(7 Points)
1179.0,1076.0,19.177895121525935,378.24083100807553,85.94,Polygon(7 Points)
1180.0,1076.0,16.73533528894846,323.32040203175086,75.19,Polygon(7 Points)
1181.0,1076.0,7.961499245361666,151.64566168862063,67.93,Polygon(7 Points)
1182.0,1076.0,10.941457413627562,207.36797163177633,65.4,Polygon(7 Points)
1183.0,906.0,17.873742369886642,399.4379260466341,155.94,Polygon(7 Points)
1184.0,906.0,4.824275829172524,107.67964561056665,155.21,Polygon(7 Points)
1185.0,906.0,4.785820870574947,107.05821464715275,156.53,Polygon(7 Points)
1186.0,906.0,6.354261741677755,142.94229500991196,159.88,Polygon(7 Points)
1187.0,906.0,6.151871934124815,139.60519878508615,165.15,Polygon(7 Points)
1188.0,906.0,4.345495731250733,99.75845912839026,172.18,Polygon(7 Points)
1189.0,1076.0,2.875281184409246,66.70796111888671,178.68,Polygon(7 Points)
1190.0,1076.0,4.633532537645262,104.57245826741429,161.83,Polygon(7 Points)
1191.0,639.0,15.296692459458933,281.8396464789734,51.33,Polygon(7 Points)
1192.0,639.0,17.488041447273652,332.68157046702936,67.29,Polygon(7 Points)
1193.0,639.0,15.860585377349906,312.1363202262461,84.8,Polygon(7 Points)
1194.0,639.0,2.7899041621330913,56.82197807016467,103.12,Polygon(7 Points)
1195.0,639.0,5.871528978703822,123.72045499251288,121.9,Polygon(7 Points)
1196.0,639.0,16.674872193632513,363.30377791876833,141.0,Polygon(7 Points)
1197.0,639.0,14.846307749376937,334.2256474193796,160.33,Polygon(7 Points)
1198.0,992.0,5.711123269307149,132.14753965727215,177.03,Polygon(7 Points)
1199.0,1076.0,44.22360456553318,842.7581763042242,68.18,Polygon(7 Points)
1200.0,1076.0,16.684086938986034,322.6744124217246,75.74,Polygon(7 Points)
1201.0,639.0,9.885638035410143,194.1045028252782,83.6,Polygon(7 Points)
1202.0,639.0,29.851136865621413,567.0745842519937,66.58,Polygon(7 Points)
1203.0,639.0,8.74868832369217,161.0721007274965,50.96,Polygon(7 Points)
1204.0,639.0,52.112720483918714,935.3516776956756,38.63,Polygon(7 Points)
1205.0,639.0,41.46238397595191,736.2786490489598,33.54,Polygon(7 Points)
1206.0,639.0,12.68560715177392,227.75580510205492,38.77,Polygon(7 Points)
1207.0,639.0,3.5870329617414867,67.01474330773533,58.2,Polygon(7 Points)
1208.0,639.0,33.85357805857813,647.4877656456226,70.03,Polygon(7 Points)
1209.0,639.0,4.996330729609295,98.32404151066373,84.78,Polygon(7 Points)
1210.0,639.0,2.8202269306809717,57.23756314326932,101.21,Polygon(7 Points)
1211.0,639.0,8.444701864364093,188.53641382379274,155.36,Polygon(7 Points)
1212.0,639.0,13.615988874283396,313.64600571772723,174.27,Polygon(7 Points)
1213.0,1076.0,19.252261134497484,353.75307874846584,49.99,Polygon(7 Points)
1214.0,1076.0,18.543030658873672,345.4218929923311,56.75,Polygon(7 Points)
1215.0,1076.0,10.766974327690109,205.22795178831015,68.29,Polygon(7 Points)
1216.0,1076.0,16.050746972775414,314.5966470097697,82.67,Polygon(7 Points)
1217.0,639.0,10.700073026212307,204.40215751060543,69.41,Polygon(7 Points)
1218.0,639.0,5.803825834885589,108.36250668491948,57.89,Polygon(7 Points)
1219.0,639.0,15.309436737187179,281.98834262143487,51.18,Polygon(7 Points)
1220.0,639.0,27.72759101771483,510.81501147272854,51.27,Polygon(7 Points)
1221.0,906.0,0.3230923604221151,7.253585037656695,158.68,Polygon(7 Points)
1222.0,639.0,12.029973170237211,285.75998268581475,193.44,Polygon(7 Points)
1223.0,992.0,70.57291347249829,1700.6837120886316,202.62,Polygon(7 Points)
1224.0,992.0,5.902737392685736,144.02753022370607,210.67,Polygon(7 Points)
1225.0,992.0,8.375799687070613,207.39527000147717,220.3,Polygon(7 Points)
1226.0,992.0,0.6288803752644085,15.831749007093848,231.32,Polygon(7 Points)
1227.0,2.0,3.7661602194232184,81.11179264571786,134.32,Polygon(7 Points)
1228.0,2.0,4.896810165637153,108.84507215924123,152.74,Polygon(7 Points)
1229.0,2.0,0.9486784516205986,21.748334918595777,171.33,Polygon(7 Points)
1230.0,2.0,147.74353259574303,2641.488151337716,36.77,Polygon(7 Points)
1231.0,2.0,4.150595892752094,73.45465198749358,31.93,Polygon(7 Points)
1232.0,2.0,0.6469662425613314,11.570425152747173,36.91,Polygon(7 Points)
1233.0,2.0,0.6053522489946042,11.097922780818077,48.88,Polygon(7 Points)
1234.0,2.0,1.7662835272481934,33.3880575155726,64.08,Polygon(7 Points)
1235.0,2.0,3.1634443841052535,61.77850994664347,80.77,Polygon(7 Points)
1236.0,2.0,6.720358316189339,135.6361518508599,98.21,Polygon(7 Points)
1237.0,2.0,8.225241840714704,171.53330596718476,116.12,Polygon(7 Points)
1238.0,992.0,0.2033332039058798,5.092581758424712,227.88,Polygon(7 Points)
1239.0,992.0,0.660409843909869,16.46500802343889,224.84,Polygon(7 Points)
1240.0,992.0,3.0718193628276245,76.42955358909376,223.49,Polygon(7 Points)
1241.0,992.0,8.157629647431865,203.0913279987577,223.89,Polygon(7 Points)
1242.0,992.0,1.2866017413728126,32.13432591774503,226.03,Polygon(7 Points)
1243.0,992.0,2.3730408887639873,57.62929798363341,207.6,Polygon(7 Points)
1244.0,992.0,1.4367876438874836,35.06426365370757,210.79,Polygon(7 Points)
1245.0,992.0,0.22583083046183094,5.534520848689513,213.53,Polygon(7 Points)
1246.0,992.0,2.3449276430952692,57.0969362976821,209.31,Polygon(7 Points)
1247.0,992.0,1.4766375920633403,35.81972096917548,206.87,Polygon(7 Points)
1248.0,992.0,3.4737273009947303,84.18751800325778,206.28,Polygon(7 Points)
1249.0,2.0,0.30938920669737174,7.027853177432473,165.74,Polygon(7 Points)
1250.0,2.0,1.0920917897645337,24.092909996942815,148.3,Polygon(7 Points)
1251.0,2.0,0.38121381303167695,8.16116826456203,130.89,Polygon(7 Points)
1252.0,2.0,0.4212773720070678,8.745244305823217,113.57,Polygon(7 Points)
1253.0,2.0,1.4741556801380933,29.65374712273785,96.42,Polygon(7 Points)
1254.0,2.0,3.1845448022172507,62.048467062601446,79.58,Polygon(7 Points)
1255.0,2.0,219.21546325215073,4138.075495945037,63.38,Polygon(7 Points)
1256.0,2.0,1746.309126156985,31991.51003663289,48.52,Polygon(7 Points)
1257.0,906.0,0.18676034658985038,4.754404833224468,238.86,Polygon(7 Points)
1258.0,906.0,0.6352542039830851,15.960761875075015,230.0,Polygon(7 Points)
1259.0,906.0,0.212211606592312,5.269267244588755,222.14,Polygon(7 Points)
1260.0,906.0,5.708916041646981,140.30660232654748,215.38,Polygon(7 Points)
1261.0,2.0,0.7841486105336063,18.83779810800145,200.62,Polygon(7 Points)
1262.0,2.0,0.27715650151189136,6.476939572956765,183.18,Polygon(7 Points)
1263.0,992.0,0.1805967869312166,4.625738376661083,243.03,Polygon(7 Points)
1264.0,992.0,0.5826234397367184,14.879838511225948,241.05,Polygon(7 Points)
1265.0,992.0,1.8555255987223158,47.36182702598743,240.66,Polygon(7 Points)
1266.0,992.0,0.18226031044007793,4.660623963340843,241.9,Polygon(7 Points)
1267.0,2.0,2.432727667974823,51.72952113181663,127.04,Polygon(7 Points)
1268.0,2.0,0.43215680828806463,8.898648878661609,109.1,Polygon(7 Points)
1269.0,2.0,0.47849288246982813,9.529425000827862,91.08,Polygon(7 Points)
1270.0,2.0,5.336038644783851,102.6520434290293,73.0,Polygon(7 Points)
1271.0,2.0,1.8592149773818822,34.501219933403405,54.85,Polygon(7 Points)
1272.0,2.0,16.59701980947474,296.65513207455155,36.64,Polygon(7 Points)
